Actual Values,BPNN Predicted Values
0.0197680223555792,-1.1773553140286417
0.0334723157778619,-1.1478783576473912
0.3053741086096985,-0.8372053343677477
0.6684014721522253,-0.430622865084497
0.9487335644071064,-0.11533312322506362
1.213204671466162,0.18209872793934245
1.4778704870314827,0.4791267969735422
1.705943213568794,0.7346420097012025
1.9405624223133813,0.9993836693531151
2.19684725716,1.28522043270973
2.425367113143683,1.540462064215717
2.666012635306714,1.8111027720091277
2.909977473909889,2.082650676807087
3.124084737565778,2.3224314021228905
3.376130073789571,2.602333047956483
3.5965768117753334,2.848217471353724
3.8467944614470952,3.1221515456123465
4.085779190063476,3.3885967329178617
4.336259857056636,3.6624859043795635
4.561895037454271,3.9118241267438107
4.823545047215047,4.1989303426165705
5.03473887367854,4.432879778135297
5.268116981264143,4.6892054715242875
5.528362592061365,4.973627286972825
5.761024308583096,5.227084911196237
5.992869346860858,5.480740779445862
6.250646757701079,5.761468359880746
6.483949933733253,6.014343833731856
6.729261458866175,6.280987548986895
6.970478996397953,6.543347751648411
7.196468020242366,6.787459818656612
7.448979029579762,7.059690498020645
7.683944702148446,7.314303699760238
7.915002580672968,7.562069888714189
8.16812893700978,7.834352953457791
8.418693239726716,8.102397778127546
8.64339556012835,8.343808843283675
8.887035127670048,8.606052732816787
9.131496671646364,8.866526746567597
9.346347384982636,9.098487838483166
9.621255359952414,9.389933998263277
9.854259188213048,9.637949043171616
10.070919612097368,9.870578498526099
10.32611983163016,10.142627750740564
10.565962110246938,10.39439894918152
10.794200594463048,10.6366287447189
11.057573651510571,10.91421754451037
11.294655572800414,11.163047151665687
11.523962020874016,11.40736336266457
11.772118674384222,11.669176640947626
11.990862044077064,11.898846542205987
12.220879963466096,12.142055544262828
12.480476167466906,12.41235260464271
12.695485069638208,12.638395109374088
12.94076253497411,12.89575656509629
13.177370646643254,13.14421873298076
13.40153709290519,13.378245053333846
13.639500027611144,13.629415511447664
13.888957008482922,13.886843508000453
14.095527406722775,14.103426636568152
14.347430637904573,14.365233207939873
14.58941262865824,14.614166154220971
14.817496708461224,14.849663237822313
15.059695168147018,15.101724649959873
15.28664392138284,15.336275174802832
15.518006824311763,15.574404543999862
15.7761119660877,15.839435874676745
16.008119734506828,16.076703885183893
16.22960075499524,16.30511732993228
16.493187253437306,16.57383493560376
16.7072568620954,16.794371033212485
16.947233109247144,17.039487824527477
17.221031491718573,17.315265498454497
17.437604873899367,17.53778751442479
17.68164559016159,17.78686573644263
17.904873499794604,18.016039686519434
18.134170108371272,18.2473019843036
18.382880801246355,18.498733290043866
18.621915484231582,18.740714450171062
18.85335407559841,18.973640247246976
19.104768359471908,19.227872078195094
19.347958337693026,19.471782163367326
19.5543485974508,19.682949666366937
19.799056885734448,19.930478029158483
20.0400685507154,20.170210094803352
20.231825207906983,20.367345607826415
20.49700116354317,20.63160557295519
20.712835826570952,20.849660315208286
20.94152238633905,21.078500377933846
21.198831285749204,21.33515604047651
21.41741798037572,21.55486322055701
21.645383986215712,21.783080042201238
21.91615028986857,22.050425360260242
22.10748914688349,22.24411551860998
22.34642392113096,22.48172992454368
22.589397430420004,22.724684702126567
22.808972616044286,22.94257190395197
23.05162520635699,23.184128300438545
23.30300618731794,23.432884743340093
23.51344577849857,23.641771574779614
23.76769535125254,23.892575252437428
24.01034037272144,24.131237519640376
24.21696526663651,24.337141819582904
24.454885815817143,24.574315798150895
24.705385783362065,24.8191416524906
24.920272827148413,25.032333952875188
25.18221537272144,25.289339805154714
25.40081569126667,25.50612433084267
25.62307024758952,25.725882932948622
25.89184291779048,25.988944799877636
26.11051892477365,26.204770744127156
26.34488968622112,26.43512526412147
26.584743318103648,26.673527109792246
26.803831070188576,26.88874493171306
27.02921004522413,27.11200388250498
27.2964477539062,27.371763037567824
27.513134668743813,27.58547484931817
27.736179412357465,27.806596275703882
27.99663846454921,28.059761991445942
28.19213867187508,28.254869525740542
28.42069353376111,28.48120594528936
28.658212934221588,28.715030117787634
28.870631021166663,28.924250107948517
29.10175928993825,29.15268273871129
29.3597932845827,29.402923680741555
29.57934122236952,29.619507567801143
29.839757889036186,29.874578818040582
30.074092320033497,30.103537634470285
30.293125576443177,30.319710372854658
30.553657289535245,30.574906890034367
30.76170058477492,30.781215164026538
30.990052601647783,31.0045170776384
31.2288344852508,31.240904741949397
31.46742563399064,31.472814736941782
31.694415258982858,31.696526878263573
31.947568863157304,31.944307240777366
32.1577980404808,32.151930199670595
32.376131935725084,32.36930003654649
32.629533797975554,32.61744632560105
32.85275413876492,32.836793882864
33.08594416058254,33.06673123011429
33.33614894321985,33.31239881889478
33.55628422328397,33.52935678986324
33.802940731956824,33.77296259551164
34.05305166093127,34.01726163225957
34.26401955740794,34.226800345302884
34.508254036070795,34.46787639378037
34.72919464111334,34.68662274419085
34.95082552470857,34.906021115852504
35.206171066041904,35.157353333946375
35.42582496764175,35.37527656200811
35.65211220393111,35.5987886511708
35.90923793732175,35.85186781383299
36.12865266345794,36.06906560263608
36.33020189073349,36.27232246712
36.58877175951763,36.526092107029335
36.811295766679045,36.74612136634261
37.02528514559302,36.96076372109096
37.279147193545406,37.21171112645423
37.4962216331846,37.42749581821542
37.748878721206985,37.67683139448405
37.99231695750397,37.918646260758656
38.21158333430222,38.13486994584064
38.44936310298857,38.37137903784872
38.68867177811874,38.60841920837517
38.90044499957365,38.82036053670066
39.14124625069762,39.060482718743025
39.37978895883715,39.29716670829271
39.59827423095699,39.51574892564988
39.8549337235708,39.76920164572439
40.08147527301127,39.99457963349884
40.30908857073096,40.220056002139636
40.53549085344587,40.44893554295642
40.78002808586,40.69018245940738
40.996512155684286,40.90677461920685
41.235751197451584,41.148220298861816
41.470303611149845,41.379763641841265
41.687178233313176,41.59958308079022
41.94574204702222,41.85622895524064
42.17092423211968,42.07943019440931
42.39332108270556,42.30312610439193
42.65470958891365,42.562296681407815
42.85905020577572,42.768723768604744
43.087792774987626,42.999658471992795
43.32657465859064,43.24068824534695
43.55039142426984,43.463177424474246
43.78281245155937,43.69735353238826
44.02242085290334,43.93650551807877
44.23419407435826,44.1494106278004
44.4703631930881,44.38779644093175
44.70948113335509,44.62675274846599
44.93232303195524,44.84975342804809
45.18126835898746,45.098680881576655
45.40966276138556,45.328201253248736
45.61816018725206,45.539810706765564
45.8725732470316,45.79528192025596
46.11093733045794,46.03204236076844
46.34345221141032,46.26413766788534
46.5870932927208,46.51113874109217
46.80440388028588,46.73014692086576
47.0198525322808,46.9497056174742
47.28919740707159,47.2155305792513
47.49956887865826,47.428138221485284
47.721441965254606,47.65403161839938
47.97430492582778,47.90679752166053
48.19399213034016,48.12700752499761
48.4198948693654,48.35732077532445
48.67529490637397,48.61123549123116
48.89288099985271,48.82990053878228
49.10776652987048,49.05161143340084
49.33982728019587,49.28604024644424
49.57737090095635,49.52280889722197
49.82152363610651,49.771115416639894
50.07370842827699,50.02064316072749
50.26000189402746,50.2157648942355
50.53174457852809,50.485103420555674
50.74534946017794,50.704126458800154
50.959396362304766,50.92038609308543
51.203064691452695,51.16758499887734
51.42264593215223,51.390440277951335
51.652030339316674,51.62217036501656
51.89996144128222,51.87289716633297
52.11784726097477,52.09240585209415
52.34677753751238,52.32282978695796
52.591523670014936,52.570098505054354
52.80460781521271,52.78699672534578
53.02383180648555,53.01202288883688
53.20464240180128,53.20886909803803
53.413015698629685,53.42324679295561
53.66947840130525,53.68109793215693
53.93372187538746,53.94297305367467
54.14617023770778,54.15852562924547
54.38298422192778,54.397701080109584
54.63813297332286,54.65138997511888
54.84418717641682,54.86198850387869
55.08465237087668,55.10741533801169
55.3399282788473,55.36020400825124
55.543263753255246,55.57093507417204
55.79603286016555,55.82508135559299
56.01644970121841,56.04935103709724
56.23436579628603,56.27057707670877
56.48025028289317,56.52047083294355
56.73167516314795,56.769277968289046
56.96443830217636,57.00448049327583
57.18791295611667,57.236768897415665
57.41801186213413,57.467713784818216
57.643666343083495,57.69846214657701
57.89137340727302,57.94992033750136
58.10566856747589,58.16624049841081
58.33226158505397,58.39886190823545
58.59253292992,58.658068742793596
58.81745474679128,58.884991074716666
59.03138054741747,59.10762848235991
59.26691085573222,59.3473129682484
59.37484862312445,59.48179377275176
59.64475964743001,59.749732854434086
59.87410772414429,59.982315642470745
60.08675590394032,60.19840972231978
60.34683954148064,60.459619865394465
60.57555789039255,60.69164926717787
60.80482725113159,60.92190977468226
61.06187124100936,61.180628720340984
61.28208220951144,61.40584008225783
61.5164196680462,61.64217922384747
61.77928864009794,61.90536809186739
61.97583032032794,62.108483792544995
62.21922011602493,62.35074185531884
62.47863769531255,62.611021280464676
62.72002931625128,62.85047739827322
62.938823397197474,63.07527994916268
63.200656951419845,63.337224239034576
63.42264205690413,63.56004707763139
63.65015544588604,63.7925632933914
63.896548558795246,64.03878528807614
64.10920279366637,64.25398363672328
64.3512544177827,64.49764910790192
64.61042373899429,64.75466474129695
64.81259663899746,64.96237162709988
65.06538391113287,65.21409440802049
65.30107165139826,65.4511431099497
65.36923968602747,65.55308830211804
65.65196930416049,65.8312128967837
65.880608937097,66.06125516855646
66.10598488459509,66.28644163763065
66.3712456112816,66.55024645289559
66.6077689519005,66.7848860901432
66.82313586038255,67.00277191390084
67.09143623473159,67.26724076010159
67.31768411303318,67.4921816460766
67.55177331349206,67.72518389182444
67.78673444475444,67.96185402680867
68.0203210739862,68.19081561857546
68.26449802943635,68.4309830135343
68.52690076071111,68.68823912959543
68.74100215851318,68.90133936421705
68.98819454132571,69.14410973121664
69.23320709712921,69.38704580709147
69.46221608964223,69.61306021152494
69.71996852329794,69.86629417210598
69.97627984909778,70.1148512732272
70.18752930656319,70.32528983176502
70.43799142988905,70.57194909874542
70.67274668860064,70.80088478364307
70.91120159815222,71.03124856028185
71.17192707364525,71.28360266258278
71.24207511780762,71.38751473574897
71.47165328737286,71.61145820244602
71.73341418069509,71.86378112269986
71.96609254867319,72.08831208611407
72.19132922944573,72.30796867604484
72.466320461697,72.56907596425
72.68615601554747,72.78289046838124
72.92559184725319,73.01432755981254
73.18327162000874,73.26227757323427
73.42793298146078,73.49358381738185
73.66121080186636,73.72147059305799
73.9187634180462,73.96700479796506
74.12923782590843,74.17075645837049
74.37437148321239,74.40524935686865
74.63082207573778,74.64657655818411
74.85449654715397,74.85904130367943
75.10529169960635,75.09760721123912
75.35437932090159,75.33231807782239
75.57022458031065,75.53913370784196
75.83093189057858,75.78373695271664
76.06253851027715,76.00352700364343
76.29097832573778,76.21848001003991
76.39683920239652,76.35134705364857
76.6449519566127,76.58117080552425
76.90562293643049,76.81962566478995
77.15644836425778,77.05615713477079
77.39951724097841,77.28121593986275
77.63282533675905,77.50120766811274
77.8945680648562,77.74447343429974
78.10542999751985,77.94344236239304
78.35499596974206,78.17294607030523
78.60761369977683,78.40765124419094
78.81831214541477,78.60575937411033
79.06327020554319,78.83339645151885
79.3113647945343,79.06296695346347
79.53088548448349,79.2677371203597
79.77142333984382,79.49267488792349
80.02151610359319,79.7218002809356
80.23208739265556,79.91861064385283
80.46899825807604,80.14043274131943
80.7188185434492,80.36764515122985
80.94786992148747,80.57797942429603
81.18237086704794,80.797662706315
81.28757779560398,80.92416080902218
81.50978088378905,81.13174962297317
81.78048512292285,81.37854164506281
82.01145595974398,81.58973104814727
82.23585704016301,81.79744694239777
82.4860164097378,82.02748438802483
82.72399902343746,82.24334924897428
82.95625353616381,82.45866448076666
83.23020329551096,82.7062013592855
83.44957866365952,82.9092004366838
83.69086129324779,83.13079401718137
83.94337608700715,83.36134581565331
84.17127094571556,83.56923137235047
84.40151517353367,83.78455436652565
84.65973990304127,84.01933845590041
84.89838857499382,84.23612734079721
85.1487417069692,84.46576512450514
85.39948236374634,84.69470800625469
85.59874277266239,84.88465013200866
85.70351979089159,85.01585091199752
85.97131153893858,85.25600674744807
86.22109549386158,85.48274288212966
86.47958059159541,85.7215444548378
86.73384530203684,85.95199719504045
86.9398995051308,86.14893758308745
87.1987842378162,86.38894157161297
87.43526519290985,86.6066960210306
87.68716236901668,86.83681335675166
87.9422747899616,87.07528630064964
88.1839812748016,87.29671333479595
88.40256342812191,87.50546852420084
88.65354628790001,87.74220873894393
88.87491983080668,87.9502808082576
89.11740742032494,88.17726212642953
89.37915620349698,88.42195418379498
89.59389338417668,88.62870421258901
89.841782100617,88.86433572894009
89.96453663659479,89.00947954394816
90.1716625879681,89.20939759077704
90.43717157273063,89.45903772290308
90.70288037496906,89.70721300400922
90.91359698583209,89.91107471643389
91.17354135664684,90.15834295132949
91.4367796882751,90.40534318654686
91.6587466285343,90.62116481287336
91.92658076210635,90.87720152411947
92.14963156079492,91.09372012678304
92.39406888447112,91.32678285681189
92.64247833736366,91.56999055935475
92.87501743861604,91.79517345115723
93.10870700412332,92.02391965186983
93.3775038946243,92.28431589519238
93.61945863754032,92.51938866590098
93.86402917286716,92.76027390045115
94.116677178277,93.00901492645606
94.34176248217382,93.23159945422249
94.56793164450032,93.45871613272413
94.69754658048112,93.61117499015131
94.91715204148063,93.83059551416144
95.18402947319872,94.09169540550542
95.43830023871524,94.34245124072551
95.67054869636652,94.57321030144168
95.91796511695492,94.8217318100462
96.15359230647016,95.05927359158065
96.40223790728858,95.30331367748302
96.6405293298146,95.54705276260522
96.89624120318696,95.79978440052834
97.10177466982891,96.01286486710951
97.35952104840952,96.27337917281321
97.5937313503689,96.51012890205797
97.82626439654636,96.74694250739611
98.09989323691714,97.02253796126065
98.33525400313128,97.25918142048184
98.56377253456716,97.49377090848873
98.8381703694662,97.76903074125751
99.0382966541108,97.9779850523829
99.26723904079856,98.2147949684895
99.3939838712178,98.37173229415944
99.6301439073351,98.61162197551424
99.90665496341762,98.88891633361534
100.15767415364589,99.14565533850968
100.39340427943635,99.38378602658612
100.64897083100826,99.64571583529703
100.89811294797876,99.90046342636126
101.12740047394288,100.13486826065977
101.38760521298369,100.40215340301053
101.62672012571302,100.64908993675607
101.8590412442646,100.88738239367282
102.12511335100444,101.16087860712106
102.3592509920635,101.40081624469587
102.58620731414318,101.63595292129831
102.85856458875874,101.91267899242196
103.09385269407238,102.15472334670415
103.31442696707587,102.38573238869002
103.59727163163448,102.67321054535097
103.8106524755084,102.89616823495001
104.04121762230288,103.13427590901503
104.14593408978176,103.27421887562191
104.37596638997395,103.50972578816979
100.72640918550032,100.52294307209587
101.19499327644476,100.96255607869273
101.56339009602856,101.3132107782504
101.92649478004095,101.66463106690702
102.25351727198048,101.9860886039968
102.5751265268478,102.29932366310516
102.91858249240444,102.6368279992963
103.21302868071064,102.9303928482199
103.48769899398556,103.20352344988198
103.76256306966144,103.48360962157041
104.01280721028652,103.73914434822912
104.25775921533986,103.98923446252977
104.54157269190225,104.27671744808616
104.78897094726555,104.52873684223387
105.03295414031491,104.77780964562761
105.31823294503349,105.06525158156612
105.56842864505826,105.31832999943153
105.83366515144476,105.58482613597793
106.11845955016128,105.8723444393046
106.35966951884922,106.11744531315065
106.61423698304192,106.3754663479595
106.88462030319936,106.6493865576115
107.11769225105414,106.88716079572652
107.3954990931919,107.16681531672185
107.67753237769716,107.44971385828944
107.92496696351064,107.6978016036857
108.19366697281129,107.96909969402545
108.43892173161588,108.21973972995924
108.67368910047747,108.45662456198663
108.9476933554997,108.730543579244
109.1976226322235,108.98332240373063
109.43614414760049,109.22353602893651
109.71987285311256,109.50555372882636
109.94472200908363,109.73496098163619
110.18960135323668,109.97963180897267
110.46388414171,110.25394824300486
110.71158515082462,110.50134240828277
110.96853831457716,110.75604032237851
111.24388679625493,111.0302966196193
111.48595658559653,111.27129062426756
111.74414498465396,111.52901582586541
112.0184883238778,111.80152580297296
112.24770924401668,112.0302987678977
112.49673025948668,112.2787663194919
112.76880900065112,112.54760534712698
113.00339471726193,112.78000205265498
113.26009356786336,113.03485519216774
113.52477300734748,113.29590544187383
113.77748761858255,113.5432043382365
114.03754098074778,113.79998171897279
114.27364046611476,114.03619685751966
114.52046954442588,114.27802851006714
114.7713434128535,114.5276025701887
115.04899282304063,114.79572517776707
115.28052678183904,115.02455526009523
115.54653833782858,115.28657259804628
115.80065772646954,115.53505025767198
116.04253375341015,115.77253960554721
116.32404630146335,116.04728772839017
116.43037341889892,116.17436664338953
116.66114443824416,116.40237537816655
116.9564262269035,116.68670206046062
117.19028533451144,116.91501633396398
117.43790157257573,117.15697043752014
117.72727360801098,117.43596614607114
117.94738769531256,117.65365986975759
118.19794669983874,117.89839704442814
118.46268669007316,118.15617911268411
118.69199238126238,118.37994479611505
118.93804640997034,118.62062181661717
119.1996014307416,118.87452034110133
119.41339401971732,119.08543580056626
119.68612670898445,119.34895976037076
119.7999015687005,119.48257915883113
117.81842670743428,117.91542876290855
118.2962811182416,118.34732805720604
118.6616443452381,118.68234683549089
118.931628030444,118.93791335211978
119.23927428230414,119.22966826194322
119.5028880285838,119.48139212252387
119.74377102322048,119.71529947413607
120.0530521453373,120.0079505718382
120.28281802222844,120.23175963054146
120.53088233584444,120.47114748933426
120.81614903041302,120.7431022681112
121.048349047464,120.96699252309615
121.31930154467382,121.22473570355058
121.59362066359748,121.4882741726715
121.83515760633684,121.7195385305924
122.09098452613462,121.96627650270696
122.38568502759176,122.24466536626502
122.61945936414938,122.47018460765594
122.8856767926897,122.72598093812768
123.1543162512402,122.98217620478823
123.35946219308032,123.18411641050963
123.64455934554807,123.45520535860855
123.91709827241444,123.71448687414721
124.1337004162016,123.92640313256929
124.4173443506635,124.19623475750589
124.66756427098842,124.43640533569415
124.89198957170764,124.65389187897637
125.16185215541302,124.91237038111062
125.28766450427824,125.04863069262215
125.51996140252989,125.27318607131632
125.8071899414062,125.54660730667958
126.03664095439603,125.76808681377973
126.30327012803826,126.0209846162005
126.58490377759176,126.2891591764043
126.79903545076893,126.49869331038275
127.06761435856887,126.7554067051636
127.33839731367812,127.01537780566703
127.56566849965904,127.2344251095276
127.831280420697,127.48947417098269
128.10391622876364,127.74973209579505
128.3191983661954,127.95888346329892
128.59874906994048,128.22501695423873
128.85624719044526,128.47282492844994
129.0858556353857,128.6947056124353
129.35190352182542,128.9504294090967
129.5829894050719,129.17429272166785
129.8086378309462,129.39297622081338
129.9637567429316,129.5556751804147
128.98857480003716,128.76621371611097
128.43527415442097,128.330260935498
128.90012226407495,128.75191057776735
129.2378137982081,129.0639461378403
129.50242057679193,129.3158450144964
129.7907026987227,129.59019176206561
130.02135261656747,129.81179267122656
130.2793835836743,130.05777063674665
130.5444747682602,130.31098674688133
130.78125242203,130.53795564333254
131.03693402002733,130.78277308004022
131.33303929889018,131.06316984935194
131.5692962162078,131.28937189484543
131.82362147739954,131.53389868367157
132.08681136842765,131.78606746720865
132.30998932369175,132.00136582617125
132.59387546115445,132.27142258274225
132.8537713913691,132.52054888261029
133.06559002588668,132.7263717075732
133.3417014470176,132.99126122208716
133.5899110824343,133.23067484740687
133.8271125914559,133.45963440797036
134.1221279568143,133.74174227682522
134.3572344098773,133.96859709086905
134.58727882021952,134.19170279408468
134.88355364118303,134.4748621555042
135.10343763563367,134.68886782636827
135.3417048378597,134.9194274429659
135.6216309562562,135.189400120323
135.86190844339032,135.4214590726953
136.1124553377667,135.66411452232856
136.3684881301154,135.91219569192188
136.54771835084952,136.0907300715645
136.74574352446064,136.2876858236266
137.01617528521825,136.5491579088797
137.24617125496033,136.77286525944663
137.50827123248382,137.0268513136012
137.76105850461937,137.27279362469204
137.98095460922,137.48795975474997
138.2492549835689,137.74880941543185
138.48587520538808,137.97992736026453
136.68851095532622,136.41512742668272
137.29019165039062,136.96675136045627
137.67705039372527,137.3285299076951
137.94607737707713,137.5858570425081
138.21781703404017,137.8488336387902
138.43558175223225,138.06155299869135
138.68887765066972,138.30547308042233
138.98030841161335,138.58601256053373
139.21174548921127,138.81084895309473
139.4511752658421,139.04335174404736
139.73685370551223,139.3189536300427
139.9596320258246,139.53646926074325
140.21177746000748,139.7816116360017
140.476820203993,140.03888859190656
140.69775778149813,140.25512143403571
140.9665304516989,140.51608315443778
141.2374829489087,140.77959379396285
141.4468311128162,140.98573837813922
141.73729306175605,141.2672242186581
141.99647449311763,141.52023518128917
142.22243778289317,141.74178907525348
142.4961635044643,142.00868632412795
142.73351033528652,142.24157696676693
142.9569910443019,142.46123340175473
143.24326288132448,142.74007744202424
143.47603207542778,142.96882428003715
143.7107510036892,143.1994649396841
143.9829871768043,143.4663134239875
144.20851450117812,143.68842367674594
144.4371420239646,143.91380538649594
144.724334232391,144.19450292075956
144.9402945382254,144.40843046718695
145.18425351097477,144.6488927028167
145.46066768585683,144.92070812212177
145.6816294836619,145.13885288804232
145.9190005347843,145.3738110945658
146.05189732142858,145.5123005529084
146.25179956829732,145.71070806859115
146.51859828404017,145.97305497990743
146.78086780366445,146.23130162785972
146.98918660481775,146.4382752705328
147.2533331976997,146.6984133146126
147.48823377821176,146.93109127338656
147.70367334759433,147.1445177889993
147.97311207604795,147.40977667573742
148.09974791511652,147.5411768123828
146.7840285528275,146.32581793624854
147.27439274863585,146.7964493567632
147.55209059942334,147.06800095302344
147.79861692398322,147.31054483525782
148.08921208457352,147.59568221464954
148.3079092843192,147.81207400813364
148.55756002759173,148.05751351911653
148.83982340494796,148.33460138120267
149.07344030955477,148.56488002254102
149.31721763005334,148.8052225350693
149.58738296751002,149.07135782197108
149.79245624844984,149.2746485075641
150.05488320002476,149.53307483591385
150.3095959860181,149.78425677197936
150.51766047402032,149.9903589908615
150.79205225384433,150.26006921339274
151.04892064654635,150.51326513480646
151.2605576288132,150.72268385519018
151.52532183934778,150.9834945248638
151.76587785993303,151.2212252662443
151.98538643973225,151.43817712803886
152.26199437701507,151.71045280981645
152.48516022212922,151.93096564018916
152.70964607359875,152.15244164943974
152.99430726066478,152.43186054885837
153.20055522615954,152.63601080576095
153.42803228469128,152.86030024368065
153.70783730158732,153.1348484667684
153.87363736591635,153.30091248977365
154.04611012292287,153.47339646701172
154.335191514757,153.75615252880309
154.53441559322303,153.95298188197225
154.78283110119048,154.1968136681592
155.04447089301223,154.45336031068115
155.24741278754334,154.6535911071232
155.50663054935526,154.90715221685383
155.77028062608508,155.16491561112795
155.97895062158986,155.3703769165252
156.25899784148683,155.6433741872862
156.4838348873078,155.86412445287363
156.68433053152907,156.06112747713578
156.94583711170017,156.31628198060258
157.19100709945448,156.55556866384023
157.3895651196676,156.75082864684484
157.06156170557415,156.4553809881568
156.3874865335132,155.8301937275464
156.76728505936876,156.19671152335502
157.0581345331102,156.4799545587296
157.26665920681432,156.68444583185214
157.49143570188494,156.90410808477597
157.76179480174238,157.1675623279849
157.97894190228175,157.3797783887624
158.23980664450033,157.63322361203936
158.50971766880588,157.89551187567807
158.72515723818825,158.10569698162692
158.9827401297429,158.35590587537487
159.2559087844127,158.62066159839455
159.43986196366507,158.8008633313186
159.69634283156668,159.04973328841098
159.9519638788127,159.29741971321334
160.15644376240158,159.4965907040753
160.4308718726746,159.7614196820684
160.67937215169204,160.00178333088044
160.9044877309651,160.21970024466583
161.15797739180317,160.46458150896206
161.3805013989651,160.68025517445872
161.5974547371032,160.89024827941313
161.86472574869842,161.1478535320295
162.07413446335556,161.3508738010127
162.30345226469524,161.5719370178494
162.58515857514925,161.84219564128355
162.80957176571746,162.0589479621976
163.05049109080477,162.29100262897788
163.33929394918732,162.56780677897447
163.519880506727,162.74363729576032
163.76264057462222,162.9771247766076
164.02884589301271,163.23247307406407
164.21665009998097,163.41457086869502
164.47795080760162,163.66461424315364
164.7197178431921,163.8974207056333
164.7929600306921,163.9748382842721
165.09212917751748,164.26016771350152
165.31275189112063,164.47313235820488
165.50865778847302,164.66255940508765
165.77200511145242,164.91483345325818
166.00499228825717,165.13888839114253
166.22189718579523,165.34779196450617
166.47119673471587,165.5875253510112
166.7025611514143,165.81043712669975
166.92526681082543,166.02524805320957
167.21633426726828,166.30407832063466
167.3933483305429,166.4767642436939
167.6238408164365,166.69844643208776
167.87059723384766,166.9363149302422
168.0528186616445,167.11398888420786
167.22965543232223,166.36867069249482
166.69490753658258,165.88530975173174
167.08128187391426,166.2511786830395
167.34288533528573,166.502450232275
167.57825821165082,166.72993883613242
167.78824821351114,166.93283894127578
168.0555434454048,167.18980308528396
168.3129689050095,167.43775240907243
168.5150873093381,167.63384205595338
168.77264598059207,167.88215512122915
169.03122190445237,168.13156293116592
169.23725188724606,168.33183549035695
169.5413135346905,168.62415134990707
169.76238432384602,168.83889785095752
169.95173863002225,169.02373335673443
170.2523488847032,169.3133224282351
170.46173337906194,169.51774339183225
170.6767248728921,169.7273447530981
170.9597511897016,170.00157935109465
171.17298671177463,170.21019010973507
171.3932945614762,170.42539912030932
171.66665697854603,170.69148597495484
171.8604314894905,170.88193952499523
172.11555602058576,171.1305085704385
172.38649640764442,171.39529174971037
172.56303817506827,171.57024375454608
172.8029039171,171.80578987696813
173.05827065119686,172.056883279193
173.26816377185716,172.2639607197774
173.51846846323176,172.5107330019047
173.75278775654127,172.74231577742069
173.95695277622698,172.94479820047482
174.1309998527413,173.12010581680883
174.36746264260955,173.35457008390065
174.5519486684651,173.5394275211475
174.83139038085872,173.81592754429815
175.0409686376175,174.0254920420137
175.2574739002048,174.24156635982033
175.51688542441747,174.50008084015218
175.74029347253176,174.72382184776072
175.95355321490638,174.93771339798764
176.22025504944764,175.204585578845
176.4201330760175,175.40637534884564
176.64022294301907,175.62795788289824
176.90406678214924,175.8930037510133
177.07862248496352,176.0708455714369
177.29659307570637,176.29161525014086
175.62079051184287,174.67856941596315
176.10140603686193,175.15037671720665
176.40026031978573,175.44811304650025
176.63232712518572,175.68177430459596
176.81815737769688,175.86997719962315
177.09376017252538,176.14624971599605
177.32615395197777,176.3810431335189
177.5547088138635,176.61172633923724
177.81266712007144,176.87215537807427
178.03527589828258,177.09819252399984
178.2568310934397,177.32279820879043
178.5300724090095,177.5996269192414
178.74380444723494,177.81766838252014
178.91736711774604,177.99590603192667
179.22245812794446,178.30493733000696
179.41826714409683,178.5058966869417
179.6362861754397,178.72932278109144
179.92665124317935,179.02520874023025
180.10853358677463,179.2130314909138
180.3490411667604,179.4590891092592
180.61382959759365,179.73032225560206
180.79315669952857,179.91578480628732
181.0577876984127,180.18661942555644
181.29745967804448,180.43338636350663
181.475382002573,180.61804948538816
181.73358251178092,180.8833918998851
181.9638691251238,181.12110982536328
182.14548504541747,181.30960760276025
182.41789076063336,181.5895095912563
182.65268234979524,181.8318707072104
182.8455364893349,182.03180954243408
183.11652531699525,182.31073938654603
183.3410596090651,182.5432438863223
183.51664467463493,182.72646467050825
183.8210454062809,183.03913919716297
184.003351605127,183.22927047456648
184.20896984282064,183.44207045909425
184.48776971726195,183.72896580378247
184.5342726934524,183.78356823249308
183.34531027173173,182.6054776619841
183.8339306059333,183.10270362482635
184.03763543991747,183.31411142865912
184.24389551556348,183.52843323009654
184.49588351779525,183.7889409631289
184.6594674246651,183.96011209881297
184.9222940111921,184.2308118674613
185.1871672130762,184.50417240938017
185.36984882657464,184.6942740409487
185.6423998635921,184.97467890954408
185.8705550905254,185.2109614225735
186.05934021964924,185.40707453268183
186.3424634176588,185.69782753232045
186.55390663752544,185.9165260756705
186.7431640625,186.11253803485715
187.03258453853493,186.40878172535622
187.22479684012225,186.6077714495381
187.4393644787016,186.82843681234155
187.72241501581112,187.1174619684866
187.9041762579048,187.3058249819823
188.13135056268567,187.53834639133146
188.4010072738413,187.81298257244785
188.5715181865397,187.98932400080525
188.6997041248143,188.12446908077234
188.97654215494765,188.40544602252606
189.1601804703,188.5942695574792
189.39607408311588,188.8338097099969
189.6621583000064,189.10285452881234
189.8439679827016,189.28913536999033
190.1035248287143,189.55081560465916
190.3346954830112,189.78471768584572
190.4925876193572,189.94653427048928
190.7761710030699,190.22994800708076
190.9793551006016,190.43624236798615
191.14255148266983,190.6029261698517
191.34568713960164,190.80867545204237
190.70566570948097,190.20930596203715
190.29549492730004,189.82529381112545
190.7099769228984,190.23634726988584
190.89299762059844,190.42314141938357
191.0745651002921,190.60782928966134
191.3578820607016,190.89115514086654
191.54193212115555,191.0780698941794
191.75494966052852,191.29226683210632
192.03778221493653,191.57326542033476
192.2338092137905,191.7705398840343
192.47310577876985,192.00856814527708
192.75361318436828,192.286150303253
192.91320074172225,192.4476038178861
193.1889125279016,192.71859268000853
193.4289720323349,192.9564878345651
193.6024862622461,193.1303687156153
193.8686310298857,193.3908683005222
194.0998622349333,193.61900722643588
194.26938011532692,193.78804185484242
194.5471264067143,194.0577934707727
194.76067679269048,194.2681822098941
194.95210193452385,194.45651630548215
195.22924271840955,194.72480935011131
195.4258752247651,194.91840295673228
195.6155443948413,195.10423936310252
195.8898635137651,195.3686551643876
196.08840942382852,195.56284576619817
196.3022988940048,195.77071955782426
196.59573993985555,196.05182299293904
196.7558603438127,196.21013739433002
196.980176653181,196.42630870828827
197.17315189422064,196.61570070266188
197.3209562755762,196.76186470719898
197.54490928044444,196.97706807456245
197.8266519213477,197.24546337821354
197.97586108010955,197.39274618947437
198.22312612382223,197.62882905868236
198.45699734157932,197.85327182067107
198.6180017864889,198.01048268235076
198.8614158024857,198.24230320593537
199.08222016834128,198.45431673554887
199.2539057655937,198.62079935634895
199.49094984266512,198.84743853428137
197.30809529622385,196.90822740876519
198.0227273608016,197.56334231567857
198.43143281482543,197.94474487987927
198.5815623449905,198.0932422946704
198.77286638532385,198.27743795321084
199.05448792472697,198.54409939666272
199.26088121202227,198.74200393219786
199.47484334309843,198.9461998808956
199.762423076327,199.21787171854828
199.90560138036352,199.35887975880095
200.15843709309843,199.59759277557333
200.43540833488416,199.8591871570066
200.5979144383984,200.01686882299896
200.8510650150365,200.25599220277388
201.12003144763813,200.51037822061414
201.28686087472067,200.67211704316995
201.5242077055429,200.89751182001334
201.7937312050476,201.15223174568106
201.96787516276032,201.3205340570652
202.240607852027,201.57833374146668
202.4165198916476,201.74945624739655
202.5963556198841,201.92271566239035
202.88570343502064,202.19585838072186
203.08725266229524,202.3896658139997
203.2727196103048,202.56859189624822
203.55609712146511,202.83716573798952
203.7355453249016,203.01178206583674
203.93480573381743,203.20388184163593
204.22004820808576,203.47510332094848
204.38837929377465,203.63959795175674
204.5958746047254,203.8395710755705
204.8802693684889,204.11143525625022
205.03556993272545,204.26430777818703
205.2682543557794,204.48840768632462
205.51096598307305,204.7232897522861
205.58098687066035,204.7984418190444
205.8317154172873,205.04041928399684
206.07900468130003,205.2801725255364
206.23357863653337,205.43310909364087
206.507364908854,205.69801118028764
206.72525072854603,205.9114416331301
206.8972148592508,206.0814629692452
207.17303563678087,206.35003591039157
207.3743789915048,206.5490362955672
207.55462646484443,206.7274589882726
207.8194996667286,206.9872769364827
207.996501619854,207.16381071482897
206.24888586619525,205.54720341385638
206.7875211201016,206.05325815249253
207.09950280567932,206.3523950629612
207.2715395972841,206.52186952292598
207.52757238963332,206.77098916419976
207.69452291821744,206.936440721549
207.936629038008,207.17237996841197
208.1935822017603,207.4240350225334
208.35777161613336,207.58747436138154
208.5941617451016,207.8196472650882
208.8655502077127,208.08646852234907
209.0034121558778,208.2256939737163
209.2745826357889,208.49237519850146
209.5040215386286,208.72038137963705
209.6704634409096,208.88737263207133
209.92157951233813,209.13663173444195
210.14895968966988,209.3637261234129
210.3084988064238,209.52482761766518
210.597592308408,209.8124910020457
210.7989841037333,210.01555475765048
210.9737577892492,210.1922164987237
211.25071692088247,210.46983549153214
211.4402165488588,210.66189959642074
211.647542317708,210.87157360462737
211.91922142392067,211.14585655751785
212.07633851066512,211.3066332663348
212.2885083395333,211.5219645298596
212.5745500837048,211.8114421636789
212.7195812407,211.96072881005924
212.96306791759685,212.2079439987262
213.2183741009429,212.46796956187148
213.36444673084128,212.61866445505302
213.4908766973588,212.74977432450032
213.73729403056825,213.00149037537153
213.8808719695556,213.1496909414101
214.1362265935016,213.41038709292255
214.35769701760955,213.637587128282
214.5292494032112,213.81416817556342
214.78777688647145,214.07886523328827
215.0038219633556,214.30101844506623
215.17007010323653,214.47259323242042
215.4626997690349,214.7723280799314
215.6166682167667,214.93194009220426
215.8093407040556,215.13027176675993
216.09063526940795,215.41875606704517
216.24072846912225,215.57432570313648
216.4190625387524,215.75830597305642
216.6266305106032,215.9722575035541
216.7562575567333,216.10707274564828
215.076531304254,214.4146939238764
215.07808140346032,214.4205344528974
215.4319399879096,214.77991582308448
215.6236921037953,214.97662212394073
215.87245880611428,215.23129912213042
216.0311502123635,215.39476966700244
216.28030443948413,215.649795869803
216.53231666201592,215.90813904198683
216.70963347904288,216.0905987334754
216.97930230034763,216.36684454187002
217.1658954923111,216.5590949289838
217.34236459883496,216.74070307318615
217.622205946181,217.0273868820267
217.8220718626,217.23296513755525
218.00348191034288,217.4196317445496
218.28603593130003,217.70903694514843
218.4400770399301,217.8681461100921
218.6358012850318,218.06927788498973
218.9083765423492,218.34845377834338
219.069126674108,218.51403958112218
219.27226233103968,218.72243263513934
219.5273989722841,218.9837298778437
219.6859450567333,219.1469043981343
219.8821052672365,219.34805816675956
220.15620640346032,219.62817752631284
220.31397743830635,219.79035798105642
220.56119404141907,220.04280653529887
220.7959129696794,220.28274248567317
220.93111068483336,220.42181850239538
221.17387075272865,220.66944214593772
221.3726709759429,220.87280762311258
221.52697850787465,221.0309390821979
221.7622060624381,221.27068657078712
222.00251988002225,221.5154625188845
222.14122953869048,221.65780283165662
222.42058648003493,221.94144310376805
222.602941119481,222.1276353241523
222.75758773561589,222.2857330045608
223.03929404606828,222.57140203052077
223.2158115931921,222.75149929531275
223.3912392268112,222.93032016285574
223.6596485925095,223.20246484396156
223.7979949466762,223.34425859984404
223.9956325954857,223.54524860344344
224.2474510556175,223.80077007449057
224.367075117808,223.92389277319575
224.5800926571794,224.14020960925507
224.82604980468733,224.38980510197334
224.9648321242556,224.53203446304346
225.17283606150795,224.74359652197782
225.42077927362385,224.9953117520978
225.552125961062,225.13018724927034
225.77158610026035,225.35330093442187
225.9656391446556,225.55143195838886
226.07821509951592,225.66776803586154
226.23797219897145,225.83164620376294
226.37120806981588,225.96919235239034
226.4345441545762,226.03643604767728
226.6351851205984,226.24155509248575
226.7661685035349,226.3770639405915
226.84839642237148,226.46351302239137
227.0836481972349,226.70401571092927
227.19891260540635,226.82385686913415
227.32870919363813,226.95819369567135
227.5788080124635,227.2141709043703
224.06383696056508,223.67145205811048
223.6333695669016,223.2344071446359
224.3438236297128,223.95892527252047
224.47144039093493,224.09005114272938
224.70509362599208,224.32898605987864
224.96846516927147,224.59828206333324
225.1467507983016,224.78092627149292
225.41511172340003,225.05518980491235
225.6773206922746,225.32335618389388
225.80920022631432,225.45908398367004
226.0928926013762,225.7491278781141
226.3377356150794,225.99992373516207
226.50078667534763,226.167611425339
226.7852541000127,226.4589092346399
226.96104503813177,226.63994025809856
227.1601843455477,226.84457812032227
227.46506948319688,227.15724026904513
227.64783586774604,227.3457798780706
227.83740815662225,227.5413142573635
228.11712840246827,227.82923200583951
228.273300897508,227.9912965799329
228.4895397367937,228.2147622457058
228.77998957558256,228.51481670033002
228.9333282955112,228.67465612730928
229.1331942119302,228.88233938292078
229.43628704737148,229.19680315581397
229.5661805168032,229.33337598040706
229.816206674727,229.59400918565603
230.05845811631903,229.84740801721313
230.2130562918524,230.01036871963944
230.46790228949683,230.2777289492588
230.6966872442333,230.51890333125212
230.836995442708,230.66796103443588
231.10814170231907,230.95426098007027
231.3212803431921,231.18072724762487
231.48571196056508,231.35626409915142
231.76162961929523,231.6500574914189
231.9342961387032,231.83572000852806
232.1055821010048,232.0200358237435
232.3978726826016,232.33394588047145
232.56213475787465,232.51212763093037
232.7489459325397,232.71472793624025
233.03782145182225,233.02820799307528
233.19353376116032,233.19891208095953
233.362615676154,233.38440401699512
233.6568196614588,233.70690473902607
233.8019719199524,233.86778403685733
234.0055435422873,234.09311576403394
234.2807830326143,234.39855470170076
234.3935527498762,234.5251543093332
234.63100857204924,234.79051609071527
234.8849826388889,235.0757705838619
235.0119696723096,235.21962817319866
235.2209908621651,235.45620360269788
235.46428377666192,235.7326379505607
235.5837625170508,235.8693997931009
235.84546285962384,236.1687850816478
236.03963700551904,236.3922215089206
236.1767723446794,236.55070606873159
236.46097334604443,236.87986361946798
236.63773309616823,237.08578029389753
236.7954314701143,237.27009042084995
237.0575435577873,237.57764082840913
237.1955266074524,237.74019178852683
237.38228934151743,237.96093669060784
237.6480344742064,238.27663483359063
237.74346245659683,238.390045287263
237.8706432524175,238.54165656746363
238.1489345005588,238.8756445705776
238.2571750217016,239.00542146312762
238.4773859902032,239.27151356237286
238.6875213138635,239.5263010321515
238.77519880022385,239.63205940126159
238.953411768354,239.84911968669766
239.1154940166175,240.04682748310503
239.14957197885715,240.0868348511671
239.32650127108096,240.30363797225903
239.4766186910969,240.48758349624842
239.5742022801953,240.6066722469318
239.8032536582349,240.89030315562567
239.9603465246778,241.0845071995701
240.12361556764608,241.287281979012
240.39088657924128,241.62222908866096
240.48922099764448,241.74345888352468
240.6711396716889,241.97198205475777
240.96035427517305,242.33859001186187
241.0468691871286,242.44560175557882
241.24741327194923,242.7003338190341
241.52040027436823,243.04975089450255
241.6155376131572,243.168619493503
241.83381095765083,243.44899768079608
242.0792836991572,243.76550752870972
242.17146616133496,243.88139262306544
242.40165589347785,244.1798649708804
239.72213987320163,240.7495509418845
238.7587774367556,239.57893293532376
239.45818704272065,240.4221807409414
239.66689336867623,240.674948816399
239.74493117559527,240.76842310210822
240.03310430617623,241.12043357026576
240.24236769903337,241.3764950210599
240.4056125217016,241.57658001885213
240.68850562686032,241.9264416254932
240.85642496744765,242.13364441609593
241.03923979259685,242.3604893412269
241.3474431113588,242.74665182920413
241.49102105034763,242.92503608311088
241.6817559136286,243.16434065614686
241.9507707868302,243.50453206915506
242.07499670603968,243.6596549298878
242.29431152343813,243.93804907726488
242.57647801959368,244.2986841736443
242.6960778614825,244.44894509757012
242.9178873697921,244.73337977751973
243.18474663628413,245.07728277321493
243.30696227058576,245.23195183055353
243.57159326946987,245.5751530009335
243.7814379495286,245.8460114515777
243.8523065476191,245.93338203529973
244.13733103918733,246.30630084985208
244.3416292705238,246.57180386166948
244.4697546580477,246.7360438146034
244.75896926153337,247.117050296829
244.9064708891365,247.3070095634413
245.0649685329857,247.51293363291134
245.3384157211064,247.87413844842627
245.4861353314112,248.06532480692888
245.62947106739844,248.25164312273367
245.913357204862,248.62839148361638
246.04051378038253,248.79179836833336
246.21136377728257,249.0156100163146
246.49905250186032,249.39847351969541
246.62640283978257,249.56236537052087
246.8175010075651,249.81366013881146
247.0845782567588,250.1683416812111
247.1899607824905,250.30230832619716
247.39021422371115,250.56624611168417
247.64319525824607,250.90125042960338
247.7278936476937,251.00637881270808
247.9715014260921,251.32904701369736
248.2205829923111,251.65757641795295
248.3300829690604,251.79612831097222
248.57773553757465,252.12316543377227
248.7697782970604,252.3727676802065
248.88126433841748,252.51349047282284
249.16289798797143,252.88490850461739
249.3074205186635,253.06828119533097
249.4383070204,253.23437383661127
249.71558101593493,253.59712436820305
249.8671758742556,253.78884421534423
250.013103182354,253.97353441038388
250.31304737878256,254.36298685591257
250.4012092711429,254.46837100467576
250.5756923130588,254.68944637244485
250.84979344928087,255.04029618273003
250.92507014198893,255.12768826532016
251.09829372829844,255.34448473328277
251.35103255983336,255.66366052448953
251.41204349578416,255.7315898280207
251.59500364273336,255.95871264185638
251.8299163333953,256.25125660258925
251.90131777808733,256.3318397527453
252.1004328652032,256.5767564035261
252.2973439050095,256.8167276817556
252.36193944537465,256.88758965339053
252.6158650716143,257.1991774778121
252.77586437406987,257.38897928600284
252.8688945467508,257.4947861086106
253.14248705667143,257.8252552069961
253.2659621465778,257.96681785936045
253.36797805059527,258.0824800113899
253.6075652591762,258.3658612684622
253.71440100291431,258.48543248203976
253.8429381355413,258.63162641731327
254.11243741474448,258.94695325812535
254.2332967122397,259.0814245841453
254.396614195808,259.26669799750124
254.651993040054,259.55875013434786
254.72911047556985,259.63927022607146
254.92604573567772,259.86067137596166
255.18420991443497,260.15012313939286
255.25389171782064,260.22079974954505
255.47545902312703,260.4657767537877
255.69295731801904,260.7028455387924
255.78983851841588,260.8028593842231
256.0378786117318,261.07160757992614
256.23454744853655,261.2802365683798
256.31619408017144,261.3618036101941
256.6123599097842,261.6774733727042
252.62116931733647,256.88096435093377
253.4054952954492,257.86863564077225
253.7452334449413,258.2803354496604
253.8797045510921,258.43369355703163
254.0200369698667,258.5951244953296
254.3638441297746,259.0039440641561
254.4886513361857,259.1431148394089
254.68548971509207,259.36954393702916
255.0090971447175,259.7449195176185
255.0884186275429,259.8269132697777
255.3071037171381,260.0744392545493
255.58401440817147,260.386515534619
255.6913587782112,260.49959033169483
255.91295030381903,260.74442670551826
256.17155044797937,261.0284232968575
256.25801691933333,261.1161068883536
256.53018043154765,261.41253965163594
256.751457093254,261.64806340969267
256.8353319924969,261.73104749413744
257.10906982421903,262.02209665973055
257.29626852368574,262.21536229204594
257.4109032040556,262.3298452890914
257.68921867249526,262.6185043393986
257.83381386408735,262.7624994837976
257.9633682493175,262.89064675465863
258.23303707062223,263.1637430441147
258.3475264291921,263.2734568733707
258.4384978763635,263.35917354755975
258.62964448474764,263.5466341639917
258.5841587611603,263.49049532170426
258.62618098183333,263.5247790081389
258.7859865218873,263.6788336718617
258.7786719912572,263.66253801678755
258.8968670557413,263.77477209539654
259.1085766989096,263.9802959469267
259.1556367420016,264.0191904192923
259.3782939608143,264.2347059651722
259.57358224051274,264.4200494118434
259.64851984902066,264.48635101530084
259.8827059306794,264.7090290930015
260.06966242714606,264.8832338379328
260.12929280598894,264.93386354561704
260.4152134486603,265.20225603187413
260.566541883681,265.3392519805064
260.6768411303317,265.43753330230425
260.9536307198667,265.6919523952764
261.0848078652032,265.80792224071905
261.22845846509205,265.93581974032077
261.5207006060889,266.1995703901745
261.5967039078,266.26315310442146
261.7766365172365,266.4222758514975
262.04494900173654,266.66004182143547
262.1099078466016,266.71313629930484
262.28642539372544,266.86693839564794
262.5669206891746,267.1125667530382
262.6379103887651,267.17068308387564
262.85187251984127,267.3558538444727
263.0808996775794,267.553017081943
263.1515260726683,267.6107032351819
263.3830721416175,267.8094340257662
263.5978093222968,267.99222714336133
263.6331709604413,268.0189835351329
263.91218881758414,268.25745532575894
264.0907166496159,268.40775495835544
264.2086452907984,268.506021931271
264.45002480158735,268.71020307305474
264.57739935980953,268.8160753837835
264.6895393492683,268.90928665924605
264.9762108212429,269.1518047140872
265.0969490172365,269.252135922433
265.21795363653337,269.353006599454
265.5042618040048,269.59508167181093
265.5769227043032,269.6545437295198
265.7463194831968,269.7970976895887
265.9717135959206,269.9875490316713
266.024271647135,270.03028362384
266.199844602554,270.17874302722265
266.4552476671,270.3959274831734
266.52427552238413,270.4533240977354
266.7084466843381,270.61016077159974
266.93815201047937,270.80667856311055
267.01020740327465,270.86735777259923
267.2585381401905,271.0813521984881
267.43072025359686,271.22973436476246
267.4959697420635,271.2853454064678
267.73572649274604,271.4941878408194
267.9064069475445,271.6431485841047
264.79916042751745,268.91758880402
265.59697711278574,269.61638265425796
265.6863742404508,269.6903965855736
265.79972524491586,269.7859930807791
266.0810924711683,270.02903304871694
266.2181309291301,270.1455725359787
266.39142717633973,270.2944640258719
266.6789463588175,270.54393888360096
266.74642411489367,270.60007985695813
266.8933444552953,270.7267582016947
267.19360351562545,270.98922751719766
267.29058159722223,271.0723269537233
267.4967690119667,271.2529583718937
267.75202675471274,271.4780152307314
267.81318301246347,271.53029887873197
268.0572994171635,271.74737642236784
268.2690817212302,271.93625853894736
268.3255150204619,271.9852010747719
268.57563805958574,272.21083232087847
268.7652103484619,272.38222076585015
268.8370961991572,272.44631284373764
269.06672886439685,272.65653611104
269.22813294425873,272.804623319344
269.2992195250492,272.8692872940507
269.56726558624763,273.1192299927044
269.6921938941588,273.2356163087806
269.76311093284926,273.3013657572082
269.9674818250873,273.4947342228972
270.0462704613095,273.56872234698875
270.11251298208094,273.63092992042783
270.3440832713302,273.8536805955627
270.34761943514445,273.85554233862575
270.4718695746524,273.9754198618674
270.7064916217143,274.20472360643487
270.71082705543176,274.20752647864055
270.8685738699778,274.3627142666944
271.0914732917905,274.5843607635361
271.1220877511159,274.61382018331614
271.32517496744765,274.81812477366555
271.5166848803317,275.0123332998702
271.5587071010048,275.05424373539546
271.7919970315604,275.2941604284555
271.9622173006572,275.4704731393978
272.00113932291754,275.51009183706856
272.2418164450032,275.7629934336129
272.38859146360323,275.9181413065532
272.47285388764925,276.00733317730044
272.7703033931667,276.3277768248085
272.83170185391907,276.3936094336064
272.93647887214763,276.5072967649863
273.231118822854,276.83195837018997
273.30193898034446,276.9098731981346
273.4269883897572,277.04901569096023
273.68493458581435,277.33967471661464
273.73444087921587,277.39505107874606
273.3512999519476,276.9604111156917
272.4942161923365,276.0147240653722
272.50596303788416,276.02557090288633
272.69810267857144,276.232647652451
272.87103562127936,276.42024225237935
272.8699699280763,276.41722993998826
273.06346590556825,276.62945917587786
273.2434711759048,276.8283752088059
273.27730693514445,276.86455664861313
273.5125102694079,277.1281549274016
273.64455934554763,277.27648997968015
273.6689976283476,277.3026605908307
273.927670433408,277.59835760087077
274.018690321181,277.70203303832227
274.1075061616445,277.8038086117032
274.3476988777286,278.08377095954154
274.42205519903337,278.1697682536586
274.5261056082588,278.2915015154981
274.7770036969873,278.5896173968152
274.7797163705984,278.591068083273
274.8697916666667,278.6979182871171
272.89489261687777,276.4047063910752
273.1733534071175,276.7136178833128
273.3164711604048,276.87258531500277
273.5454740978429,277.1303941694122
273.58352418929843,277.1712220494333
273.7908741784476,277.4073947367093
273.9019969153032,277.53330508971277
273.91669863746347,277.5476807695929
274.1484626891127,277.816368049816
274.32158939422067,278.0179545436624
274.37792581225244,278.08222076720375
274.60576617528574,278.3516551242471
274.74958631727463,278.5219399961144
274.80221702939053,278.58292380897564
275.05863734653974,278.8922758019699
275.1593937949524,279.01304043391735
275.26664128379207,279.1426284451074
275.53769066220326,279.4761954620874
275.616891043527,279.57238012757347
275.7323007735,279.7145557675112
276.002865745908,280.0536205686834
276.0391235351556,280.0968862657857
276.1701311383937,280.26126702161565
276.3910444955984,280.5418366062755
276.3222830636159,280.45051952973535
276.34878007192543,280.4818283980876
276.2661404079857,280.3722792815332
276.04491218687934,280.0860750637794
276.15882025824607,280.228456312091
276.2669396778889,280.3636382152703
276.2467399476064,280.3345081031491
276.4541868179572,280.59876883610815
276.55496748666985,280.7259519570656
276.59170968191904,280.77064968420564
276.861935570127,281.12038049731893
276.95828392392065,281.24346080245954
277.003769647508,281.3002125219834
277.2793724423365,281.6616033817602
277.34827919611905,281.7497545076777
277.4807157970604,281.9231689196032
277.73294600229366,282.25795556381894
277.72894965277777,282.2491171597299
277.8919522724461,282.4657695516533
278.1469920324905,282.8078192388069
278.1587388780381,282.82029303534347
278.32539876302064,283.04401130010706
278.5567995101683,283.35692161346896
278.55973016648096,283.35745563211947
278.76361665271594,283.6342797264368
278.91814216734923,283.8436043784897
278.9191594199524,283.841527682126
279.12994869171587,284.1296444582886
279.2830936492429,284.3381695081468
279.2930239722841,284.34841562964766
279.5059930710572,284.641024559097
279.6204582093254,284.79662963554324
279.6788291325651,284.8744760722065
279.93570963541754,285.22960064751976
279.97635129898254,285.28234835638096
280.0277467757937,285.3507073107306
280.2833920433413,285.7049744350733
280.2809215727302,285.6974386828186
280.35312228732704,285.7950710453209
280.5986919100318,286.13573695016714
280.5805266849572,286.10613268953904
280.7122851174969,286.2874405390371
280.89841812376034,286.5447775763405
280.8383517795143,286.4563158475199
280.9913998558413,286.66747291300345
281.1309572250127,286.8591770368178
281.08595590742857,286.79186421990784
281.2458098880826,287.01257358434384
281.37931218223014,287.19567615856175
281.29107762896825,287.0674023082868
281.4836290147572,287.33350467012104
281.55071924603175,287.42288904595796
281.489538767981,287.33273163878874
281.71873546782064,287.64998265693316
281.72793918185715,287.65818057651154
281.7174033513143,287.63908468493725
278.8257901630698,283.5676803038452
279.6833098880826,284.7618103658138
279.58969842820005,284.6248109355932
279.77321564205084,284.8768792148946
279.7129313151048,284.78625406575514
279.3967110770096,284.3361453034086
279.6418447343127,284.67438770714415
279.5849270290794,284.58823216653275
279.5749482654397,284.56831647593003
279.671587262835,284.69772078254107
279.56443665519527,284.5404799622961
279.62065197172706,284.6133306928022
279.658314538381,284.6593350411375
279.1633000449524,283.9561304753502
279.3882824125746,284.2658615794657
279.4169108072921,284.29898236909247
279.2305113777286,284.0299886291095
279.36842176649367,284.2171685207008
279.1253468346968,283.86735109335734
278.9221627371651,283.57505928065615
271.71839153955875,274.2405309428651
268.1832207573778,270.0766722501382
264.6461850120905,265.83483280298765
257.2843036954365,256.9528342674221
252.86206442212384,251.98578157608497
236.9043743799604,233.61842435606005
226.2220836821064,224.27915807490243
183.74993460519048,186.97664658700123
106.10808115156874,107.55246186900352
72.19428410605778,74.60536871213732
69.7159721737816,72.8702195734461
62.148539225260485,66.7898069037635
54.540470668247785,59.00588890469986
54.036149524507145,58.453453592222715
53.88955010308158,58.28522745880155
53.97627088758684,58.36572176638582
53.98352486746651,58.362265423994394
54.041689918154766,58.412978758376866
54.02314927842889,58.380841508451695
53.86902339874746,58.20537851395331
53.749399336557616,58.066276184778715
53.628854902963816,57.925698385702496
53.500620524088575,57.77841906528342
53.41591607956667,57.67688818607178
53.3185323079427,57.56160557826428
53.2384357755146,57.46601778465551
53.212622990683975,57.426731266048094
53.100137861948106,57.29625784324963
53.05651710146953,57.23977462805033
53.04831852988587,57.219192078429515
52.97855195545017,57.134357630051376
52.94943915473095,57.09304319141417
52.94492206876238,57.075876460760526
52.87953331356952,56.99612490270302
52.87755935911142,56.98330961327699
52.86590939476382,56.95916241933344
52.81217665899366,56.8922718445303
52.82019357832652,56.88963076811688
52.822664048936666,56.88021509752037
52.77749924432667,56.82213516215154
52.80122302827381,56.835536487469234
52.776796855623815,56.798109816321904
52.75050571986603,56.75997837244446
52.77376326303636,56.77255412236224
52.73582821800603,56.72092293161665
52.72909497457842,56.70334040383254
52.75646996876557,56.71983850324941
52.73150489443827,56.68192096392265
52.743893577939055,56.68382834356482
52.761156596834766,56.68976589834507
52.72527422223779,56.64108822103551
52.7192494225881,56.62420237494886
52.76768396771144,56.66193964876657
52.70851982964413,56.589598701892754
52.71940685453874,56.58985148864607
52.74365743001302,56.602347699092356
52.71000332302524,56.55657760862928
52.69066341339603,56.52578782135612
52.66212584480414,56.48439344348465
52.58867172967827,56.39811115321349
52.58700658404635,56.38479808956962
52.56033397856207,56.344768966468536
52.51063997783365,56.28328614199748
52.52634078737287,56.28793688114741
52.5087447393508,56.25775043605081
52.48199341789128,56.21998928527386
52.51564752487905,56.24283108255416
52.49842689150858,56.213318090651036
52.4905431838262,56.19449956578923
52.54008580767921,56.23287199227087
52.49921405126175,56.17969246051697
52.52513582744302,56.19555274513048
52.54341004386778,56.201971071277164
52.532444302997945,56.179561689907004
52.56795731801842,56.20456692409574
52.58979191855778,56.214290656453414
52.5759802924262,56.18876999205427
52.59102715386287,56.192839471535
52.635762048146034,56.225358351197094
52.57532634432349,56.1534176739726
52.6294829353454,56.197296438444255
52.627630082387775,56.183134164349234
52.6345691983662,56.179264900405634
52.67578609406,56.2095896752796
52.68121144128222,56.20249924706117
52.68948872884112,56.19996634087313
52.69745720757381,56.19664314792335
52.66349429175969,56.15059198330293
52.661986578078576,56.138540141221206
52.64707292829238,56.1121406889618
52.61055477081777,56.063974814633234
52.6106032114181,56.053326732730206
52.64909532335064,56.0800852496815
52.61200798882381,56.031251221269834
52.607248699854296,56.01587273285476
52.58728511749746,55.98374960856556
52.49217805408303,55.878289140936126
52.48522682795444,55.861135107165516
52.50060066344253,55.86472495807198
52.462605067661904,55.81620878585756
52.273735167488255,55.619481960678044
52.20341152615016,55.5387173381957
52.05704825265064,55.38460913926883
52.02565874372207,55.34362809203548
51.918829055059526,55.22827593412889
51.81994967990445,55.12216578074558
51.76380096919953,55.057403777621396
51.43788050091461,54.73177539192113
51.30735730368001,54.59689408249994
51.25891064840652,54.540448196272955
51.19974651033921,54.47349404587482
51.13828144376238,54.40556248786456
51.12431238568016,54.38221534738436
51.05961996411524,54.31048330731659
51.030670650421584,54.27428614686496
50.96855163574222,54.20553086617489
50.86648729112414,54.09923004194715
50.78780159117682,54.01612105067069
50.6652650379,53.89089908884117
48.26740991501588,51.68458584002761
48.6261398073227,51.99970977484992
48.970431373232856,52.30229753590654
48.94216022794207,52.26909966235794
48.87999277266239,52.20533482385164
48.84054395887588,52.16122213005746
48.75836750817683,52.07955571020085
48.75567905486572,52.06957811499338
48.71336619059239,52.02319837365209
48.64214337061318,51.9519659677389
48.65221296037953,51.9532504599865
48.62472291976683,51.920430841283135
48.587320721338735,51.879774860018706
48.60214960007445,51.88540437238708
48.56357271709143,51.842869707764805
48.5518743121435,51.82550598506292
48.56527419317334,51.82977963922036
48.5058284941173,51.769169194178346
48.45415145631826,51.716381253164464
48.44756958976618,51.70284807861469
48.3740761166527,51.63042495445527
48.33182985820461,51.586310132674704
48.357724386548256,51.60157384377277
48.2936102246481,51.537781342305124
48.29278976198222,51.53036409446203
48.283489166744125,51.51474661641538
48.24511210123699,51.473949415002146
48.24711027599524,51.468990373302944
48.23049817766461,51.44664197112146
48.19071330721413,51.405099298136776
48.17932068355493,51.388335512780856
48.16019270155159,51.364247865778076
48.09374733576698,51.299649771026445
48.09787689693397,51.2966835842446
48.06577288915239,51.2615524533525
48.03189171685111,51.22563334468194
48.033853561159205,51.220758623201064
47.99164968823636,51.177000454075234
47.95023903014175,51.134974921745524
47.93181343684128,51.11230023773051
47.87719363258,51.05823346829541
47.84525008428668,51.02443786727335
47.848765055338575,51.02095179370119
47.80091179741746,50.9730343310217
47.788765316917775,50.95653301588108
47.7877571469262,50.94900279910274
47.70555042085191,50.8715945141924
47.6950267004589,50.856804576280865
47.685032799130326,50.8417736815397
47.59355575319318,50.756896001038605
47.548823886447465,50.71253146034477
47.47473701598159,50.64225551399378
47.35863397991841,50.53653985349693
47.3456307063027,50.519761345361744
47.2779107472254,50.45536406963635
47.18586149669826,50.37093243056051
47.17345464797254,50.354866792856335
47.11046673002699,50.29486587713455
47.03813280378064,50.22771895998443
47.02879587809239,50.21436623779042
46.91718268016032,50.11300253859522
46.80209689670144,50.00937128957221
46.753438313802064,49.962190586923555
46.6159063672262,49.83928355157716
46.56385391477557,49.79012397979536
46.47917671809128,49.71250425444251
46.3546207972935,49.601204155183545
46.19796086871429,49.46281364450545
46.14580850752572,49.413205745109906
45.96829187302366,49.257058245134964
45.87019057500937,49.168895217128146
45.621905251154764,48.95223734411839
45.4230293395027,48.77838866746555
45.20500122554715,48.588244755473646
44.987908620683015,48.39833855892256
44.58696577284064,48.05185726294576
44.133595057896194,47.65967292538914
42.28276146782762,46.05501512781149
39.62354508657302,43.671416532237664
38.15490480453255,42.293423313425315
37.16128213065016,41.33015933294916
34.1950855557881,38.308355521574704
30.08700779506143,33.70586755311401
29.688689822242385,33.22677292928193
29.61032504127143,33.126315143191476
29.70958588615301,33.23651814294047
29.68544430202905,33.20016444144884
29.22959706139937,32.64736206882845
28.825717502170164,32.150930416062
28.025920807369207,31.163225616028193
27.945345924014127,31.06342747392869
