Actual Values,KNN Predicted Values
0.0197680223555792,0.021450196841733302
0.0334723157778619,0.048902493257519504
0.3053741086096985,0.4481984926756538
0.6684014721522253,0.5012897345209737
0.9487335644071064,1.1653640868144761
1.213204671466162,1.6881990586177587
1.4778704870314827,1.9296578011998522
1.705943213568794,2.188944792795538
1.9405624223133813,2.231826975152083
2.19684725716,2.094324147780962
2.425367113143683,3.281792740278367
2.666012635306714,3.140383496128203
2.909977473909889,3.3747943941813605
3.124084737565778,3.248280625415581
3.376130073789571,3.3524053986873024
3.5965768117753334,3.979958805315196
3.8467944614470952,4.606547138409439
4.085779190063476,4.536106043436362
4.336259857056636,4.642623561493791
4.561895037454271,4.93329438317468
4.823545047215047,5.219341424992803
5.03473887367854,5.605621802702172
5.268116981264143,6.371573452412283
5.528362592061365,5.2475135372112485
5.761024308583096,7.2453294985740735
5.992869346860858,5.878936193165103
6.250646757701079,7.66424023446378
6.483949933733253,7.937553791557454
6.729261458866175,8.17652142065653
6.970478996397953,8.458249241433943
7.196468020242366,6.615238300940847
7.448979029579762,8.308287690776325
7.683944702148446,9.464411039011996
7.915002580672968,9.560410034280505
8.16812893700978,8.803666764591732
8.418693239726716,10.172385796228264
8.64339556012835,9.110694178257058
8.887035127670048,10.956625093199376
9.131496671646364,10.005153458559555
9.346347384982636,11.016884147507826
9.621255359952414,10.72215602165953
9.854259188213048,11.950548091343768
10.070919612097368,11.7928346777203
10.32611983163016,10.870263363730624
10.565962110246938,12.480959088991439
10.794200594463048,12.562116786852538
11.057573651510571,13.035132698270813
11.294655572800414,13.487024748889587
11.523962020874016,11.107962968036828
11.772118674384222,13.731531227925869
11.990862044077064,12.655116220967875
12.220879963466096,13.477063995565715
12.480476167466906,13.940996964101364
12.695485069638208,14.167509373778524
12.94076253497411,16.66222953463053
13.177370646643254,13.955349352477766
13.40153709290519,14.086810940912475
13.639500027611144,15.665829189053888
13.888957008482922,14.407164035792388
14.095527406722775,17.174892490343773
14.347430637904573,17.46020745538614
14.58941262865824,17.35804841936218
14.817496708461224,16.989223529402036
15.059695168147018,18.16318738806568
15.28664392138284,17.865898780113955
15.518006824311763,17.53202038508079
15.7761119660877,17.804308726666445
16.008119734506828,19.358295474369456
16.22960075499524,19.45844657669254
16.493187253437306,20.49977760641758
16.7072568620954,20.205524017817112
16.947233109247144,20.418871883514743
17.221031491718573,19.48071129506911
17.437604873899367,20.668060310388473
17.68164559016159,20.399717963908728
17.904873499794604,21.23836839883171
18.134170108371272,21.584014309794597
18.382880801246355,21.713795269252973
18.621915484231582,21.266092415072027
18.85335407559841,23.266601759314415
19.104768359471908,22.107590630478814
19.347958337693026,22.60347928528553
19.5543485974508,22.954227735209493
19.799056885734448,21.905993189130132
20.0400685507154,23.717372370631736
20.231825207906983,24.48108964158396
20.49700116354317,24.061648805132954
20.712835826570952,24.64068168403762
20.94152238633905,23.71964360492492
21.198831285749204,26.27480489672709
21.41741798037572,25.44446016200177
21.645383986215712,25.491240442629664
21.91615028986857,25.6403715117043
22.10748914688349,26.556929434947936
22.34642392113096,25.275413972219578
22.589397430420004,26.078213077275215
22.808972616044286,26.417515997594137
23.05162520635699,26.344125021494225
23.30300618731794,26.380245914081417
23.51344577849857,26.568871463099384
23.76769535125254,27.335287914599697
24.01034037272144,27.843146325755896
24.21696526663651,27.778355890019576
24.454885815817143,28.10804288593931
24.705385783362065,30.263480493395043
24.920272827148413,29.06678954503972
25.18221537272144,28.71708104021223
25.40081569126667,29.170206438532706
25.62307024758952,29.242467286224834
25.89184291779048,29.35249464750023
26.11051892477365,29.64984716655244
26.34488968622112,29.790667040870083
26.584743318103648,29.88457497433031
26.803831070188576,30.807317381342266
27.02921004522413,32.45464674976455
27.2964477539062,35.04225525587788
27.513134668743813,33.458573940377896
27.736179412357465,31.327301349269963
27.99663846454921,31.7026609117455
28.19213867187508,31.889144207524854
28.42069353376111,32.05589030596844
28.658212934221588,34.93337365187995
28.870631021166663,31.24153276038984
29.10175928993825,31.22261138213324
29.3597932845827,32.94075733195089
29.57934122236952,31.88376134337619
29.839757889036186,32.09276300951726
30.074092320033497,34.96699420747481
30.293125576443177,37.56313100030928
30.553657289535245,33.36886958870943
30.76170058477492,32.76894134046389
30.990052601647783,34.63087644440389
31.2288344852508,33.04799833040188
31.46742563399064,33.570176590268076
31.694415258982858,35.68900218454484
31.947568863157304,33.56771797078577
32.1577980404808,34.72739745836753
32.376131935725084,35.430200263624904
32.629533797975554,38.87876189525522
32.85275413876492,36.78957881352557
33.08594416058254,36.87688082647414
33.33614894321985,35.50469333649136
33.55628422328397,37.429091686208366
33.802940731956824,36.43472632289291
34.05305166093127,43.589111682241686
34.26401955740794,43.894349379218035
34.508254036070795,40.1145007305178
34.72919464111334,37.862758048362466
34.95082552470857,39.79073137309944
35.206171066041904,40.288548544126414
35.42582496764175,38.07844808700085
35.65211220393111,39.93076339113268
35.90923793732175,39.85085062148395
36.12865266345794,43.87565872921039
36.33020189073349,46.526529275324194
36.58877175951763,43.038171701481374
36.811295766679045,43.75320897158096
37.02528514559302,44.67358945011868
37.279147193545406,42.08914563474513
37.4962216331846,42.114098434304296
37.748878721206985,43.31921489202901
37.99231695750397,42.52174492030186
38.21158333430222,44.35588283596764
38.44936310298857,43.738729164903994
38.68867177811874,43.95695722919003
38.90044499957365,43.36163495057993
39.14124625069762,45.8986780800017
39.37978895883715,47.665179654847066
39.59827423095699,44.291899059269724
39.8549337235708,48.26182204670395
40.08147527301127,44.26107466032495
40.30908857073096,43.92505075182472
40.53549085344587,44.47779813364462
40.78002808586,45.5536579009811
40.996512155684286,44.840436674099735
41.235751197451584,44.69900957408219
41.470303611149845,45.69152370024018
41.687178233313176,45.718943299455006
41.94574204702222,51.79987774751338
42.17092423211968,51.55354570011671
42.39332108270556,45.805180024191095
42.65470958891365,45.3093574872275
42.85905020577572,44.525215655546525
43.087792774987626,45.575738160151786
43.32657465859064,51.61643871412421
43.55039142426984,46.074757021921556
43.78281245155937,46.852188437396784
44.02242085290334,46.06482549226086
44.23419407435826,49.29671658817506
44.4703631930881,49.25508833797442
44.70948113335509,54.51501018741746
44.93232303195524,49.92157784482935
45.18126835898746,49.19624400815894
45.40966276138556,55.152988170298684
45.61816018725206,56.30256738769201
45.8725732470316,52.66040021793925
46.11093733045794,51.667669474149406
46.34345221141032,51.967544890133475
46.5870932927208,51.775246453963526
46.80440388028588,52.88032197193251
47.0198525322808,52.88195274357854
47.28919740707159,57.114053568378004
47.49956887865826,58.501170173808404
47.721441965254606,54.588870608149904
47.97430492582778,53.802131160422036
48.19399213034016,53.886067243793946
48.4198948693654,54.30433608921188
48.67529490637397,55.13031927806527
48.89288099985271,55.45952806229766
49.10776652987048,55.67705972099355
49.33982728019587,55.956248628112874
49.57737090095635,54.697352732522695
49.82152363610651,59.794695349943886
50.07370842827699,58.46751183098885
50.26000189402746,56.296338057324455
50.53174457852809,56.85767732063488
50.74534946017794,56.61894396151346
50.959396362304766,56.185598277441706
51.203064691452695,57.534781946951
51.42264593215223,56.51261868260476
51.652030339316674,55.45711099573823
51.89996144128222,58.82681099296425
52.11784726097477,57.75043795587981
52.34677753751238,59.0319563104018
52.591523670014936,58.955730164096394
52.80460781521271,56.99465740903496
53.02383180648555,57.18690454320393
53.20464240180128,62.29451599600454
53.413015698629685,58.8815872153553
53.66947840130525,58.65390174240294
53.93372187538746,65.66345566232542
54.14617023770778,66.52003962090609
54.38298422192778,59.49635069351651
54.63813297332286,58.52858505770162
54.84418717641682,58.575582389698596
55.08465237087668,58.76540285085254
55.3399282788473,61.269664073890716
55.543263753255246,67.39679551018828
55.79603286016555,59.56454532910824
56.01644970121841,62.18187813305898
56.23436579628603,62.96068674297027
56.48025028289317,65.14713406581896
56.73167516314795,63.11556676219583
56.96443830217636,62.19203807539336
57.18791295611667,62.01513640231513
57.41801186213413,60.16389690217516
57.643666343083495,63.311089911690566
57.89137340727302,67.53872292163612
58.10566856747589,65.58163536850746
58.33226158505397,65.17597731149502
58.59253292992,65.10634172574593
58.81745474679128,65.7282546629253
59.03138054741747,65.86710014454881
59.26691085573222,63.84162308079584
59.37484862312445,64.147212987875
59.64475964743001,66.53476908453267
59.87410772414429,70.1003001856035
60.08675590394032,73.5249873831186
60.34683954148064,66.84406658023667
60.57555789039255,67.24758660056706
60.80482725113159,64.56236137458171
61.06187124100936,67.36668696201522
61.28208220951144,70.0735257360896
61.5164196680462,65.05402424364046
61.77928864009794,70.1770451658358
61.97583032032794,67.97581193745063
62.21922011602493,65.1295523290217
62.47863769531255,64.72488312430653
62.72002931625128,68.48342509561898
62.938823397197474,68.787267591665
63.200656951419845,66.29024335645013
63.42264205690413,69.10060038651633
63.65015544588604,66.452490013302
63.896548558795246,67.49672356786452
64.10920279366637,71.33593757162072
64.3512544177827,67.13933924120997
64.61042373899429,68.835251012585
64.81259663899746,70.49160652226769
65.06538391113287,68.24948345610433
65.30107165139826,71.58831136704482
65.36923968602747,70.93527816773319
65.65196930416049,73.75375484689961
65.880608937097,76.20017949939908
66.10598488459509,74.25958537431299
66.3712456112816,73.90677329491578
66.6077689519005,73.77344219392765
66.82313586038255,77.14985155672379
67.09143623473159,78.1800684461795
67.31768411303318,81.83467396148225
67.55177331349206,87.05885066869038
67.78673444475444,86.58850323379014
68.0203210739862,83.23754010800002
68.26449802943635,76.82560281567982
68.52690076071111,76.04453305172628
68.74100215851318,76.53806759538168
68.98819454132571,77.54554314790528
69.23320709712921,81.14164483166921
69.46221608964223,81.33428584137009
69.71996852329794,78.67986559159658
69.97627984909778,73.54604008946814
70.18752930656319,78.74017836448174
70.43799142988905,77.89251654844527
70.67274668860064,79.32924881294984
70.91120159815222,75.11709578290368
71.17192707364525,75.64016246940042
71.24207511780762,75.70004281092999
71.47165328737286,76.68490995017326
71.73341418069509,74.86698105788768
71.96609254867319,77.26732007744937
72.19132922944573,77.67231579358682
72.466320461697,76.74481103833855
72.68615601554747,78.22470867858691
72.92559184725319,82.62050078806547
73.18327162000874,78.32643447005493
73.42793298146078,77.03525846919617
73.66121080186636,77.79759620260188
73.9187634180462,78.5177029766359
74.12923782590843,76.61175752526944
74.37437148321239,81.57795958331083
74.63082207573778,80.77366516478322
74.85449654715397,84.19240959220332
75.10529169960635,81.35653885632068
75.35437932090159,80.60485172933555
75.57022458031065,79.6124267263934
75.83093189057858,84.93183119366762
76.06253851027715,87.22202569300195
76.29097832573778,82.55096872147665
76.39683920239652,84.5874934847474
76.6449519566127,80.68550061020112
76.90562293643049,80.69654926395123
77.15644836425778,83.24877009112384
77.39951724097841,83.99220073820057
77.63282533675905,82.3314139272167
77.8945680648562,83.08017757202383
78.10542999751985,85.14843554144197
78.35499596974206,82.75499576341119
78.60761369977683,82.74638980988698
78.81831214541477,88.70629966161762
79.06327020554319,84.52760709830059
79.3113647945343,82.17321087038235
79.53088548448349,85.24159655137369
79.77142333984382,82.34259998241686
80.02151610359319,85.0107092922862
80.23208739265556,91.72984252156662
80.46899825807604,86.50494723027217
80.7188185434492,91.45673296263031
80.94786992148747,85.34384979570963
81.18237086704794,93.42309351945649
81.28757779560398,93.4448014417787
81.50978088378905,87.85160534017642
81.78048512292285,91.083466128404
82.01145595974398,90.59542579431795
82.23585704016301,87.46170191740366
82.4860164097378,90.3636125898316
82.72399902343746,91.36198344223004
82.95625353616381,93.59085470274043
83.23020329551096,93.94334601434373
83.44957866365952,91.8356081240027
83.69086129324779,92.95638057533553
83.94337608700715,100.7182129538346
84.17127094571556,107.02470737829616
84.40151517353367,103.71096164383455
84.65973990304127,94.59645082571753
84.89838857499382,90.54493498334604
85.1487417069692,90.14569690538924
85.39948236374634,90.06245974336393
85.59874277266239,91.0195207841938
85.70351979089159,89.44712308628753
85.97131153893858,94.46837394693318
86.22109549386158,97.27343842282923
86.47958059159541,95.28881512495764
86.73384530203684,92.98729645344258
86.9398995051308,91.96429155190324
87.1987842378162,95.31467632746701
87.43526519290985,92.41100615908547
87.68716236901668,91.76072730730414
87.9422747899616,97.04390253485681
88.1839812748016,92.58959058361359
88.40256342812191,95.63925162502835
88.65354628790001,97.20728578816436
88.87491983080668,93.60903364462493
89.11740742032494,93.90766127077836
89.37915620349698,92.56947477238649
89.59389338417668,90.79982622680349
89.841782100617,95.31036420147598
89.96453663659479,97.19381319983593
90.1716625879681,94.7344849969774
90.43717157273063,99.3122284355799
90.70288037496906,105.22601323347855
90.91359698583209,103.63419579575144
91.17354135664684,100.080206606593
91.4367796882751,98.66466421198929
91.6587466285343,100.05295148123557
91.92658076210635,97.3789800970118
92.14963156079492,100.75978158564837
92.39406888447112,101.84969766060924
92.64247833736366,97.11093594589708
92.87501743861604,94.12675625061765
93.10870700412332,98.55780645213449
93.3775038946243,98.07180692872481
93.61945863754032,96.94697178702759
93.86402917286716,98.68561514145794
94.116677178277,95.37951915021247
94.34176248217382,98.69733643893883
94.56793164450032,99.37494551302046
94.69754658048112,100.33846651551471
94.91715204148063,96.19716082650183
95.18402947319872,96.46640016262963
95.43830023871524,99.92707060820791
95.67054869636652,101.33445621076974
95.91796511695492,102.33365727286808
96.15359230647016,105.9741105877241
96.40223790728858,107.1348974043773
96.6405293298146,108.52788396167146
96.89624120318696,107.75070447596164
97.10177466982891,111.19535714897837
97.35952104840952,109.7763054636834
97.5937313503689,110.04289989696952
97.82626439654636,104.99035133021927
98.09989323691714,107.08790086275519
98.33525400313128,103.1247487946313
98.56377253456716,103.82060927162289
98.8381703694662,104.65148551287184
99.0382966541108,106.38655380885909
99.26723904079856,107.17361208217994
99.3939838712178,106.05988883785517
99.6301439073351,109.14851206704796
99.90665496341762,110.01617417009439
100.15767415364589,112.86750410200248
100.39340427943635,111.43287916868685
100.64897083100826,110.7262322120839
100.89811294797876,111.63030844038595
101.12740047394288,110.86555938889306
101.38760521298369,115.26590114105315
101.62672012571302,114.63255815013157
101.8590412442646,109.02972738535094
102.12511335100444,107.391974532877
102.3592509920635,108.92044714136514
102.58620731414318,112.5126629805289
102.85856458875874,112.82159872986513
103.09385269407238,116.30389634364037
103.31442696707587,113.0620632176312
103.59727163163448,118.51071230075222
103.8106524755084,116.06099972896392
104.04121762230288,111.38801933882246
104.14593408978176,109.08611002764131
104.37596638997395,112.57806573423173
100.72640918550032,105.5586692161161
101.19499327644476,109.59176386147149
101.56339009602856,116.4594078142007
101.92649478004095,106.45315952012824
102.25351727198048,109.19553018971376
102.5751265268478,112.64825674783579
102.91858249240444,107.9668167683906
103.21302868071064,117.29728754903223
103.48769899398556,114.29102547511948
103.76256306966144,117.16134524310571
104.01280721028652,114.05238576426301
104.25775921533986,112.26908352049728
104.54157269190225,118.62621627603879
104.78897094726555,113.69243891339221
105.03295414031491,115.38757860195392
105.31823294503349,110.28145163872155
105.56842864505826,109.8569387477331
105.83366515144476,109.32059653617586
106.11845955016128,111.6266576322737
106.35966951884922,111.3523192851915
106.61423698304192,108.05567244130627
106.88462030319936,112.18862161240777
107.11769225105414,119.40221591931859
107.3954990931919,116.74819355069418
107.67753237769716,111.57829364475442
107.92496696351064,114.4818904580371
108.19366697281129,122.88648422561396
108.43892173161588,118.98584274200552
108.67368910047747,117.01878454934655
108.9476933554997,117.8765516592765
109.1976226322235,117.6805233701609
109.43614414760049,115.31141274946475
109.71987285311256,111.29115809808039
109.94472200908363,124.52570201074869
110.18960135323668,115.7947789164379
110.46388414171,115.54808225689979
110.71158515082462,116.30095566028199
110.96853831457716,117.5830057313773
111.24388679625493,116.59706124820391
111.48595658559653,116.96526659336494
111.74414498465396,117.8126345894896
112.0184883238778,115.95345861581285
112.24770924401668,117.13481279397514
112.49673025948668,114.03892758226358
112.76880900065112,116.14292734861158
113.00339471726193,121.57796877256457
113.26009356786336,115.59350599278147
113.52477300734748,115.04774131162843
113.77748761858255,115.24411219968124
114.03754098074778,118.3960397900877
114.27364046611476,119.88138978586294
114.52046954442588,122.2722747985695
114.7713434128535,120.5289957213515
115.04899282304063,123.7802380404125
115.28052678183904,130.24471921336405
115.54653833782858,119.51476350125714
115.80065772646954,121.5765222490043
116.04253375341015,124.06212342531512
116.32404630146335,132.18844246297994
116.43037341889892,128.27762073108346
116.66114443824416,127.3738365262742
116.9564262269035,132.88182490502126
117.19028533451144,126.88072335974613
117.43790157257573,125.85068700392121
117.72727360801098,127.5169875476798
117.94738769531256,122.72721880526439
118.19794669983874,123.4449130954176
118.46268669007316,130.55856525421373
118.69199238126238,134.31570883778295
118.93804640997034,127.60472121686107
119.1996014307416,133.2497824414971
119.41339401971732,135.71689759637295
119.68612670898445,133.07061207924284
119.7999015687005,125.86162891397807
117.81842670743428,125.14060696475727
118.2962811182416,125.32872068320982
118.6616443452381,134.29041646657032
118.931628030444,125.86666265990304
119.23927428230414,134.9275266907174
119.5028880285838,130.74808851532612
119.74377102322048,130.56115954462345
120.0530521453373,126.40794119444826
120.28281802222844,124.52883227315553
120.53088233584444,123.69612392873356
120.81614903041302,124.12210742887596
121.048349047464,130.05786140587958
121.31930154467382,131.18369701952417
121.59362066359748,131.5389223235337
121.83515760633684,130.85012467952106
122.09098452613462,128.9405817774337
122.38568502759176,126.26387741194621
122.61945936414938,127.72813986197154
122.8856767926897,127.00272859929723
123.1543162512402,129.95657224475602
123.35946219308032,127.3715273491847
123.64455934554807,125.30779939761575
123.91709827241444,129.88992183041503
124.1337004162016,129.59508247286723
124.4173443506635,132.03678013231712
124.66756427098842,129.85938489719857
124.89198957170764,131.10169266199378
125.16185215541302,136.0643954561379
125.28766450427824,139.5534035193142
125.51996140252989,131.21976955079245
125.8071899414062,133.70771183465806
126.03664095439603,133.94507791910587
126.30327012803826,132.1556513722973
126.58490377759176,132.3430601012584
126.79903545076893,132.86877110700544
127.06761435856887,134.40726188777887
127.33839731367812,134.20877564839887
127.56566849965904,140.53252141496276
127.831280420697,144.29481794984716
128.10391622876364,142.24509186018932
128.3191983661954,143.57740766398402
128.59874906994048,138.14845148391527
128.85624719044526,134.85197524605044
129.0858556353857,134.28018141667155
129.35190352182542,146.93266893068304
129.5829894050719,149.38744003794426
129.8086378309462,139.81709079033098
129.9637567429316,143.44470078441068
128.98857480003716,134.4160608817598
128.43527415442097,133.4407779191118
128.90012226407495,132.27843173904043
129.2378137982081,136.1208752026937
129.50242057679193,149.21908032199767
129.7907026987227,139.31568423328656
130.02135261656747,141.31262782531047
130.2793835836743,133.58316200627945
130.5444747682602,132.31922221908633
130.78125242203,134.57752968322936
131.03693402002733,138.0270894692918
131.33303929889018,146.44261283103566
131.5692962162078,145.48560013011178
131.82362147739954,139.95588688010707
132.08681136842765,143.1225864652166
132.30998932369175,155.46930770034703
132.59387546115445,143.0152519324315
132.8537713913691,137.45234140397773
133.06559002588668,144.19832174718067
133.3417014470176,137.7998967663268
133.5899110824343,139.69694767642312
133.8271125914559,140.61084965002084
134.1221279568143,142.39696188197766
134.3572344098773,141.54376462617034
134.58727882021952,146.37817289564154
134.88355364118303,151.03087728782845
135.10343763563367,143.40877635056083
135.3417048378597,154.01101821262955
135.6216309562562,144.8745441223351
135.86190844339032,146.9408180586133
136.1124553377667,143.85312119879652
136.3684881301154,138.2086185419039
136.54771835084952,142.1570420795967
136.74574352446064,143.23651836546003
137.01617528521825,143.0243218518901
137.24617125496033,147.22125506879286
137.50827123248382,151.00096745240995
137.76105850461937,150.71757669195304
137.98095460922,150.3209442897013
138.2492549835689,145.70389994530765
138.48587520538808,153.4504891085838
136.68851095532622,139.6450388758412
137.29019165039062,145.0717043009192
137.67705039372527,148.37142951747083
137.94607737707713,149.71475797523274
138.21781703404017,145.15082866274446
138.43558175223225,146.08130252430985
138.68887765066972,149.47281419913207
138.98030841161335,155.5926255591777
139.21174548921127,149.4787868271513
139.4511752658421,141.31700250412734
139.73685370551223,141.55481710218456
139.9596320258246,141.83558983498256
140.21177746000748,146.26290164641082
140.476820203993,146.38834548441537
140.69775778149813,142.6044370313379
140.9665304516989,142.88614726388505
141.2374829489087,143.1143578416809
141.4468311128162,143.37597078404275
141.73729306175605,143.6183908058743
141.99647449311763,143.93675600721843
142.22243778289317,144.16137772288178
142.4961635044643,151.3250124767148
142.73351033528652,163.00160122073788
142.9569910443019,160.25378050230046
143.24326288132448,155.49833467303532
143.47603207542778,152.1317730971064
143.7107510036892,152.3275120982179
143.9829871768043,152.81358733847583
144.20851450117812,152.02389115676925
144.4371420239646,152.23758968942155
144.724334232391,153.7559973255081
144.9402945382254,153.01053008015614
145.18425351097477,153.81958389159252
145.46066768585683,155.0781594250012
145.6816294836619,153.3416630637722
145.9190005347843,147.85577490191523
146.05189732142858,147.90336501172953
146.25179956829732,152.11477929663857
146.51859828404017,163.68486184063886
146.78086780366445,156.84521000897723
146.98918660481775,154.26979068958826
147.2533331976997,155.8745001438001
147.48823377821176,155.41986737764296
147.70367334759433,154.2626209635878
147.97311207604795,155.22237625038608
148.09974791511652,164.20820775817367
146.7840285528275,156.52584585415988
147.27439274863585,154.93687643068776
147.55209059942334,153.73194721811416
147.79861692398322,154.35605502542558
148.08921208457352,163.27656737895342
148.3079092843192,170.13079449080848
148.55756002759173,164.67905237602227
148.83982340494796,155.97434474662649
149.07344030955477,167.05264391623612
149.31721763005334,163.21381408966403
149.58738296751002,166.09745569440994
149.79245624844984,162.379995417093
150.05488320002476,161.33238745389292
150.3095959860181,159.3739803706783
150.51766047402032,159.1336876208631
150.79205225384433,159.07932631236113
151.04892064654635,158.54996020028082
151.2605576288132,153.33548379638506
151.52532183934778,153.59092976378545
151.76587785993303,153.81956115924743
151.98538643973225,159.02607577723043
152.26199437701507,162.1914667511795
152.48516022212922,168.45528941939762
152.70964607359875,171.08601812170727
152.99430726066478,163.25046172669218
153.20055522615954,167.954972142649
153.42803228469128,165.56136353267024
153.70783730158732,169.11582281296756
153.87363736591635,169.6430455140026
154.04611012292287,163.5137812939035
154.335191514757,166.66524152566538
154.53441559322303,164.95659234591415
154.78283110119048,169.99227972350738
155.04447089301223,162.6369466309094
155.24741278754334,157.3063159119961
155.50663054935526,163.26829706896982
155.77028062608508,164.9318979131864
155.97895062158986,164.1984853712719
156.25899784148683,167.7973563320378
156.4838348873078,172.61192940105443
156.68433053152907,170.9394202354024
156.94583711170017,169.45153544806553
157.19100709945448,165.2029409711814
157.3895651196676,159.51585238187047
157.06156170557415,166.7564216434103
156.3874865335132,168.1682251535257
156.76728505936876,166.8540923343076
157.0581345331102,166.64738830399614
157.26665920681432,159.4099359741976
157.49143570188494,159.62361975895806
157.76179480174238,159.91730955575008
157.97894190228175,160.1286201645367
158.23980664450033,160.28583542701148
158.50971766880588,160.62580010138626
158.72515723818825,166.87553204711887
158.9827401297429,179.06561454457113
159.2559087844127,181.95400207704856
159.43986196366507,176.84770081263247
159.69634283156668,170.20827013317268
159.9519638788127,176.46857989780244
160.15644376240158,175.18824595211746
160.4308718726746,178.9542072483593
160.67937215169204,172.08404333757173
160.9044877309651,163.0825935746931
161.15797739180317,163.32454782531264
161.3805013989651,171.98045374662573
161.5974547371032,170.52175147671468
161.86472574869842,170.63341430685603
162.07413446335556,171.54260725034422
162.30345226469524,176.62797674470625
162.58515857514925,173.71150110103554
162.80957176571746,178.45630203284085
163.05049109080477,172.76966410962578
163.33929394918732,165.53379600513867
163.519880506727,172.84426322403922
163.76264057462222,173.83292744503945
164.02884589301271,174.00319408654738
164.21665009998097,173.22496748334552
164.47795080760162,175.6742596596726
164.7197178431921,184.97119132985492
164.7929600306921,185.17718172776407
165.09212917751748,176.69650319345314
165.31275189112063,174.31467154959915
165.50865778847302,185.39523386753044
165.77200511145242,177.42852556963666
166.00499228825717,173.95828511736283
166.22189718579523,174.6990616243528
166.47119673471587,174.78589278835307
166.7025611514143,185.4192008514966
166.92526681082543,178.57554621926633
167.21633426726828,175.84981508759728
167.3933483305429,177.0147906200609
167.6238408164365,177.98594575120634
167.87059723384766,177.86923127607994
168.0528186616445,178.1933237688005
167.22965543232223,175.98067822394606
166.69490753658258,184.42377097174867
167.08128187391426,174.620781437315
167.34288533528573,176.52428538797352
167.57825821165082,177.90762246369414
167.78824821351114,177.33295167952906
168.0555434454048,177.76327263346352
168.3129689050095,177.7104948011456
168.5150873093381,177.285094600672
168.77264598059207,180.67275569222693
169.03122190445237,180.1043536848473
169.23725188724606,178.46983606952966
169.5413135346905,171.82026366970706
169.76238432384602,160.2317525231196
169.95173863002225,172.24105015419778
170.2523488847032,172.4827821908458
170.46173337906194,180.95595797684066
170.6767248728921,179.94428277155225
170.9597511897016,173.24761532124413
171.17298671177463,173.47575720206973
171.3932945614762,173.61608576786406
171.66665697854603,182.9173736553306
171.8604314894905,183.1146480633052
172.11555602058576,184.6931928972316
172.38649640764442,161.70932759444185
172.56303817506827,160.9216651947215
172.8029039171,183.27974163058963
173.05827065119686,190.99380195839734
173.26816377185716,196.18261465551095
173.51846846323176,190.23722857482193
173.75278775654127,195.15097862917023
173.95695277622698,187.1963292718434
174.1309998527413,194.45308307545943
174.36746264260955,195.79625486283865
174.5519486684651,191.90214915395424
174.83139038085872,183.71217892120976
175.0409686376175,185.87748490681656
175.2574739002048,177.65041189982347
175.51688542441747,185.11829943610755
175.74029347253176,186.085905998637
175.95355321490638,186.97387549294697
176.22025504944764,186.23194762083895
176.4201330760175,188.4716060238622
176.64022294301907,186.75287724760827
176.90406678214924,186.28698745000165
177.07862248496352,188.6339960839501
177.29659307570637,187.9261249779822
175.62079051184287,185.1793691967828
176.10140603686193,184.73391630086562
176.40026031978573,188.14451218915192
176.63232712518572,186.53677226540245
176.81815737769688,186.27115440795797
177.09376017252538,188.46077908579
177.32615395197777,187.69758976181808
177.5547088138635,187.85191124665155
177.81266712007144,198.88965571744544
178.03527589828258,187.44637820982516
178.2568310934397,189.4497237276405
178.5300724090095,191.06779393286206
178.74380444723494,196.8154779788963
178.91736711774604,190.1583044719095
179.22245812794446,181.6936058243353
179.41826714409683,181.86297971207162
179.6362861754397,181.9993091204664
179.92665124317935,182.29634587829554
180.10853358677463,182.4972818542093
180.3490411667604,189.22660253028812
180.61382959759365,192.2684603494247
180.79315669952857,190.06604916983483
181.0577876984127,190.8676843378453
181.29745967804448,192.77933066948594
181.475382002573,192.8695431415884
181.73358251178092,192.46379546185537
181.9638691251238,193.17573152715792
182.14548504541747,194.90849205704353
182.41789076063336,203.7474587686335
182.65268234979524,193.6716744252385
182.8455364893349,202.89103033551598
183.11652531699525,164.8244685830922
183.3410596090651,194.79582142705766
183.51664467463493,194.76087214461057
183.8210454062809,194.85929392511585
184.003351605127,194.89655171700042
184.20896984282064,193.1935566381444
184.48776971726195,186.9729504839169
184.5342726934524,196.41703630778883
183.34531027173173,194.25010255375963
183.8339306059333,194.55711941885244
184.03763543991747,194.68525097589443
184.24389551556348,193.6330359452791
184.49588351779525,186.97723005777934
184.6594674246651,194.76587497967265
184.9222940111921,146.90750457355085
185.1871672130762,165.37497037992816
185.36984882657464,172.14084666613988
185.6423998635921,159.64266663103174
185.8705550905254,188.38544910501574
186.05934021964924,196.04951395976778
186.3424634176588,199.0800897948025
186.55390663752544,175.67833597549063
186.7431640625,164.26219715657356
187.03258453853493,189.54107771488563
187.22479684012225,189.77317601736823
187.4393644787016,165.46816582908113
187.72241501581112,190.24049002367715
187.9041762579048,190.37142323439897
188.13135056268567,180.72610502928518
188.4010072738413,144.68272629540584
188.5715181865397,144.15741072126968
188.6997041248143,128.47390666314928
188.97654215494765,176.24110161519783
189.1601804703,186.04309575652988
189.39607408311588,201.13831542959636
189.6621583000064,202.50252348961988
189.8439679827016,201.17111428606032
190.1035248287143,192.6269432419759
190.3346954830112,202.19817553880534
190.4925876193572,201.34309248814864
190.7761710030699,202.55733228801088
190.9793551006016,203.277288096458
191.14255148266983,202.99379516152072
191.34568713960164,202.93622875709
190.70566570948097,202.33728957117236
190.29549492730004,202.6996270809669
190.7099769228984,202.23393663544866
190.89299762059844,204.64599076336108
191.0745651002921,200.9068168411485
191.3578820607016,202.26000357261498
191.54193212115555,202.4531084989593
191.75494966052852,194.3644969711256
192.03778221493653,173.77054037301477
192.2338092137905,167.5759160931887
192.47310577876985,179.1606444007036
192.75361318436828,195.3348929551323
192.91320074172225,195.4765177176154
193.1889125279016,181.33728884813962
193.4289720323349,206.76324268011336
193.6024862622461,216.39772717035817
193.8686310298857,196.4621990987728
194.0998622349333,170.1779464813388
194.26938011532692,166.10286379183304
194.5471264067143,167.114534517121
194.76067679269048,173.27690347474902
194.95210193452385,181.27770658927375
195.22924271840955,207.99035399832815
195.4258752247651,173.50300388623432
195.6155443948413,174.3720449985586
195.8898635137651,192.2845335152572
196.08840942382852,218.29118851025783
196.3022988940048,219.61504561552715
196.59573993985555,210.07430617423876
196.7558603438127,208.61408373611138
196.980176653181,199.64602117660183
197.17315189422064,210.64749659394988
197.3209562755762,200.01351751152967
197.54490928044444,200.17055432890984
197.8266519213477,210.67329994809663
197.97586108010955,210.4924080859601
198.22312612382223,177.87879544371125
198.45699734157932,155.1545899750791
198.6180017864889,170.4140154621379
198.8614158024857,201.5378961400819
199.08222016834128,201.68959023339917
199.2539057655937,201.95266599314104
199.49094984266512,202.1757902902703
197.30809529622385,200.01065782256168
198.0227273608016,200.6968143104163
198.43143281482543,167.50690099952203
198.5815623449905,173.2131445942645
198.77286638532385,201.43700680280767
199.05448792472697,201.68524123465153
199.26088121202227,201.9551284532489
199.47484334309843,212.67763760221067
199.762423076327,202.44507141641702
199.90560138036352,211.71732824334282
200.15843709309843,213.31880824486936
200.43540833488416,214.35206198365026
200.5979144383984,215.51647516366748
200.8510650150365,214.3028859076683
201.12003144763813,203.72277932207234
201.28686087472067,214.56432042076582
201.5242077055429,227.15991606353157
201.7937312050476,214.69424777142567
201.96787516276032,213.3543610997566
202.240607852027,217.35128636881353
202.4165198916476,227.16017076251856
202.5963556198841,226.80376586311922
202.88570343502064,231.80847576629486
203.08725266229524,228.9800508713895
203.2727196103048,215.0263970351348
203.55609712146511,216.87268127446822
203.7355453249016,217.0721411058622
203.93480573381743,217.4494758016732
204.22004820808576,219.1085932489765
204.38837929377465,215.699059165588
204.5958746047254,220.03928762069242
204.8802693684889,218.38007377874226
205.03556993272545,217.86130265199444
205.2682543557794,232.68013811720905
205.51096598307305,218.7721541500529
205.58098687066035,217.96823636826122
205.8317154172873,233.01953533241422
206.07900468130003,219.74323226601996
206.23357863653337,219.4320300710224
206.507364908854,209.32626173907104
206.72525072854603,209.47601227682821
206.8972148592508,209.6703164501143
207.17303563678087,219.55216101146817
207.3743789915048,210.09367970307918
207.55462646484443,220.4792008863161
207.8194996667286,221.20210144558445
207.996501619854,223.6919272204182
206.24888586619525,219.4103735353585
206.7875211201016,209.59749384069534
207.09950280567932,209.87817492332593
207.2715395972841,210.06762520560363
207.52757238963332,219.12496313602472
207.69452291821744,210.47467447247075
207.936629038008,222.09299614390648
208.1935822017603,222.97714767697568
208.35777161613336,189.45491815208908
208.5941617451016,211.31499813341733
208.8655502077127,225.17385885338055
209.0034121558778,233.2303995030679
209.2745826357889,227.2155604405102
209.5040215386286,237.35385814721985
209.6704634409096,234.56202346480927
209.92157951233813,239.48029208255596
210.14895968966988,236.31242372462157
210.3084988064238,235.92028425283428
210.597592308408,229.39384056137428
210.7989841037333,234.99171819420067
210.9737577892492,226.91712405552357
211.25071692088247,237.38990274103702
211.4402165488588,227.6139825334458
211.647542317708,240.77786057366058
211.91922142392067,237.82240659640635
212.07633851066512,239.88014947035026
212.2885083395333,228.35407950341892
212.5745500837048,227.2821495416132
212.7195812407,227.78255486086965
212.96306791759685,227.05823647430844
213.2183741009429,228.8972261167483
213.36444673084128,227.24728575934884
213.4908766973588,227.272426022551
213.73729403056825,242.00688629411374
213.8808719695556,229.04564207682165
214.1362265935016,217.06136399873625
214.35769701760955,229.10028887051575
214.5292494032112,240.4175460107341
214.78777688647145,243.69960637924598
215.0038219633556,240.04812216274706
215.17007010323653,211.4926097280217
215.4626997690349,212.20428995331068
215.6166682167667,243.05435816784018
215.8093407040556,245.67262009227443
216.09063526940795,215.03478088158846
216.24072846912225,199.2345231911759
216.4190625387524,231.32728516690435
216.6266305106032,234.25362883629356
216.7562575567333,232.01970899295023
215.076531304254,238.9989569212318
215.07808140346032,238.92786812375692
215.4319399879096,212.332023600205
215.6236921037953,242.55569151293923
215.87245880611428,246.1891977578285
216.0311502123635,246.19801942866363
216.28030443948413,198.48578749708327
216.53231666201592,231.4405622084263
216.70963347904288,233.25681435821696
216.97930230034763,219.951474854093
217.1658954923111,220.11151268108222
217.34236459883496,220.21723935495015
217.622205946181,244.7384553234517
217.8220718626,232.11436065137585
218.00348191034288,233.8949409403344
218.28603593130003,234.69615677782096
218.4400770399301,196.40009218349465
218.6358012850318,209.9807892915349
218.9083765423492,249.36344974999267
219.069126674108,232.01122275962982
219.27226233103968,197.9271999783335
219.5273989722841,206.8201028749032
219.6859450567333,201.15365426469663
219.8821052672365,234.46847795956668
220.15620640346032,261.162418494313
220.31397743830635,253.93396650996647
220.56119404141907,248.277021032717
220.7959129696794,250.03191186051893
220.93111068483336,223.97799981979674
221.17387075272865,237.37727474666923
221.3726709759429,236.87774896427442
221.52697850787465,224.55121648979045
221.7622060624381,238.36505439525882
222.00251988002225,237.0180210134569
222.14122953869048,239.4820409514903
222.42058648003493,239.07455034335447
222.602941119481,251.55966592558588
222.75758773561589,240.84654040616897
223.03929404606828,238.31632579633842
223.2158115931921,238.499398753066
223.3912392268112,226.43027217808566
223.6596485925095,241.9756387502722
223.7979949466762,257.4968708316228
223.9956325954857,266.9566757380138
224.2474510556175,216.30880939834725
224.367075117808,220.95867250345376
224.5800926571794,183.23345928916714
224.82604980468733,196.88387301240056
224.9648321242556,203.26160284309574
225.17283606150795,228.19786421945275
225.42077927362385,228.41150448238545
225.552125961062,253.59657079345672
225.77158610026035,259.3073497499421
225.9656391446556,257.1337817279628
226.07821509951592,255.76603873582465
226.23797219897145,256.59543959747924
226.37120806981588,256.30218443948763
226.4345441545762,257.6610958022402
226.6351851205984,256.28535552018883
226.7661685035349,243.64508981616294
226.84839642237148,244.2362900671526
227.0836481972349,260.9822136739697
227.19891260540635,273.33876850368233
227.32870919363813,257.339846162323
227.5788080124635,260.6181854203261
224.06383696056508,254.72680540416636
223.6333695669016,241.20480583287872
224.3438236297128,219.6147505073627
224.47144039093493,192.31443526261165
224.70509362599208,181.76142758764666
224.96846516927147,203.17526314457587
225.1467507983016,211.19657490439266
225.41511172340003,228.41214124743826
225.6773206922746,256.23747042829433
225.80920022631432,259.2172693412389
226.0928926013762,255.17006815912626
226.3377356150794,255.36522521755504
226.50078667534763,245.65715647284557
226.7852541000127,244.10455955016153
226.96104503813177,258.21018775100123
227.1601843455477,273.95169691471483
227.46506948319688,257.0532779220017
227.64783586774604,244.77748777382848
227.83740815662225,256.5349159965236
228.11712840246827,260.73133999740827
228.273300897508,260.8889561522637
228.4895397367937,257.1448438795354
228.77998957558256,256.7552554687764
228.9333282955112,223.25592883922667
229.1331942119302,213.6718389493781
229.43628704737148,194.7034037512495
229.5661805168032,213.86581319556052
229.816206674727,232.84262094435505
230.05845811631903,261.0796528437328
230.2130562918524,233.3148593935296
230.46790228949683,233.56150419738492
230.6966872442333,233.72330491004718
230.836995442708,248.30132200297538
231.10814170231907,219.9905844942817
231.3212803431921,203.81517847700394
231.48571196056508,196.9118945609542
231.76162961929523,234.84644368299706
231.9342961387032,206.83735961619337
232.1055821010048,192.49136033529686
232.3978726826016,196.57335993954746
232.56213475787465,187.2680323084543
232.7489459325397,188.7137701945087
233.03782145182225,215.6434840701706
233.19353376116032,211.47480381670042
233.362615676154,241.71233534558445
233.6568196614588,235.2422254234874
233.8019719199524,249.033689767003
234.0055435422873,262.16211601688343
234.2807830326143,297.9820464474621
234.3935527498762,265.06279115201227
234.63100857204924,251.92828091704774
234.8849826388889,230.78270543927576
235.0119696723096,240.4987722411921
235.2209908621651,254.51533217652448
235.46428377666192,266.0860499460302
235.5837625170508,299.64963908281493
235.84546285962384,300.1250055236599
236.03963700551904,300.2908219267822
236.1767723446794,261.9943317048573
236.46097334604443,234.13447553582355
236.63773309616823,246.97356535647282
236.7954314701143,260.4673237769623
237.0575435577873,301.59171652172125
237.1955266074524,301.8166365698342
237.38228934151743,302.00577356738705
237.6480344742064,302.2551191999031
237.74346245659683,302.3371316080577
237.8706432524175,302.56814030199655
238.1489345005588,302.8988729068238
238.2571750217016,303.0989244819891
238.4773859902032,303.2891334948926
238.6875213138635,303.5994296984973
238.77519880022385,303.74984409554924
238.953411768354,303.84772811316236
239.1154940166175,304.1257168832446
239.14957197885715,304.1358779554014
239.32650127108096,304.3529356163352
239.4766186910969,304.57132334639715
239.5742022801953,304.74143626199464
239.8032536582349,304.98002098749174
239.9603465246778,305.2148310873419
240.12361556764608,305.47348509591137
240.39088657924128,305.74848675263365
240.48922099764448,305.7785289848294
240.6711396716889,306.036414887339
240.96035427517305,306.4358005764527
241.0468691871286,306.7324986588601
241.24741327194923,306.9409480079873
241.52040027436823,307.3254018306874
241.6155376131572,307.34912686230393
241.83381095765083,307.64864735948987
242.0792836991572,307.92484627171723
242.17146616133496,308.02790406704815
242.40165589347785,308.2138366742985
239.72213987320163,304.7771835385648
238.7587774367556,303.7479195586213
239.45818704272065,304.5663331195819
239.66689336867623,304.7670271696911
239.74493117559527,304.9649659658584
240.03310430617623,305.2428972290729
240.24236769903337,305.69917071438476
240.4056125217016,305.7542546574311
240.68850562686032,306.04043172438264
240.85642496744765,306.0955438253661
241.03923979259685,306.72806485884865
241.3474431113588,307.10391848928856
241.49102105034763,307.13942086127304
241.6817559136286,307.3662027281883
241.9507707868302,307.76385367509505
242.07499670603968,307.9235396887273
242.29431152343813,308.0371720153895
242.57647801959368,308.60827412707374
242.6960778614825,273.77594145186396
242.9178873697921,263.72966234523153
243.18474663628413,270.8954974418017
243.30696227058576,309.5176749916428
243.57159326946987,309.6798477615743
243.7814379495286,310.10076977733246
243.8523065476191,310.2069841899191
244.13733103918733,310.50435116128943
244.3416292705238,310.6867072461762
244.4697546580477,310.87874749668987
244.75896926153337,311.28940973932407
244.9064708891365,311.51341081484077
245.0649685329857,311.72444355830487
245.3384157211064,311.9574571948659
245.4861353314112,312.17805907696237
245.62947106739844,312.2105370212253
245.913357204862,312.7776382100484
246.04051378038253,313.0590544594853
246.21136377728257,313.27922623949337
246.49905250186032,313.57126570796885
246.62640283978257,313.7317278112959
246.8175010075651,313.93141550509483
247.0845782567588,314.1999575029196
247.1899607824905,314.36200078939754
247.39021422371115,314.7606763180149
247.64319525824607,314.83165029880956
247.7278936476937,315.0413215836137
247.9715014260921,315.37401952530007
248.2205829923111,315.9317489372251
248.3300829690604,315.95819895807546
248.57773553757465,316.19497611679526
248.7697782970604,316.36505311627855
248.88126433841748,316.5450061942096
249.16289798797143,316.9075041654635
249.3074205186635,317.1187176892261
249.4383070204,317.14488703804966
249.71558101593493,317.7705203849751
249.8671758742556,317.8767389215346
250.013103182354,317.9949450667488
250.31304737878256,318.0044325587033
250.4012092711429,318.0037424529596
250.5756923130588,318.00264426393363
250.84979344928087,318.0014378298461
250.92507014198893,318.0011913847017
251.09829372829844,318.00068852653123
251.35103255983336,318.0001098461273
251.41204349578416,317.9999976282189
251.59500364273336,317.9996830390347
251.8299163333953,317.99934681273857
251.90131777808733,317.9992605374733
252.1004328652032,317.9990351451518
252.2973439050095,317.9988428328348
252.36193944537465,317.9987876653982
252.6158650716143,317.998582046448
252.77586437406987,317.99846968189183
252.8688945467508,317.9984100336822
253.14248705667143,276.34646003913076
253.2659621465778,230.09781822550693
253.36797805059527,182.23296555988847
253.6075652591762,137.85324772146703
253.71440100291431,137.91732391680722
253.8429381355413,135.21604696606227
254.11243741474448,141.69901771050098
254.2332967122397,141.7339875827795
254.396614195808,145.04080543616584
254.651993040054,142.33515842227837
254.72911047556985,142.3822096525094
254.92604573567772,142.5014316339448
255.18420991443497,142.43787376396676
255.25389171782064,142.54664338725317
255.47545902312703,148.60278352832438
255.69295731801904,148.20594541325576
255.78983851841588,138.83194530107647
256.0378786117318,138.8160897927703
256.23454744853655,143.2099919937663
256.31619408017144,143.03144365048794
256.6123599097842,142.42744423681086
252.62116931733647,317.99866200569426
253.4054952954492,230.7785099034868
253.7452334449413,137.8816794615577
253.8797045510921,135.18601040106995
254.0200369698667,135.18199818718955
254.3638441297746,144.98475596463024
254.4886513361857,141.75694469084445
254.68548971509207,142.3672286274563
255.0090971447175,142.80914175950537
255.0884186275429,139.68497938384624
255.3071037171381,145.74874449309812
255.58401440817147,148.25920621716085
255.6913587782112,148.2012505215296
255.91295030381903,138.87298014233698
256.17155044797937,143.32620732791273
256.25801691933333,143.1398263699753
256.53018043154765,142.59104402819187
256.751457093254,142.23246082816777
256.8353319924969,142.1641144769389
257.10906982421903,141.92193672191402
257.29626852368574,136.80610383783508
257.4109032040556,136.7614397348745
257.68921867249526,136.65550305275707
257.83381386408735,139.29683809519784
257.9633682493175,139.49291700520982
258.23303707062223,139.37636838208581
258.3475264291921,139.3115602136118
258.4384978763635,133.85317329942814
258.62964448474764,134.36553523802544
258.5841587611603,134.23776396460417
258.62618098183333,134.35635920390246
258.7859865218873,134.85410501798594
258.7786719912572,134.84134662469245
258.8968670557413,135.0378787174292
259.1085766989096,134.60958852472893
259.1556367420016,134.46566064492865
259.3782939608143,134.2152126179613
259.57358224051274,133.9022656740742
259.64851984902066,134.09139573930491
259.8827059306794,134.6230811498189
260.06966242714606,135.23660444995187
260.12929280598894,135.4256565422856
260.4152134486603,135.7919010778283
260.566541883681,135.54599267555886
260.6768411303317,135.361983706086
260.9536307198667,135.03725447627906
261.0848078652032,135.3321437193777
261.22845846509205,135.26477385136064
261.5207006060889,135.09584531201256
261.5967039078,135.04601216387695
261.7766365172365,135.15844241135198
262.04494900173654,130.19835582350902
262.1099078466016,130.20628160866602
262.28642539372544,130.22671704894856
262.5669206891746,130.2561768696849
262.6379103887651,130.26422366804624
262.85187251984127,130.28914884488623
263.0808996775794,130.49347532502944
263.1515260726683,130.49757731480625
263.3830721416175,134.98945644828862
263.5978093222968,135.27829971278314
263.6331709604413,135.34444278557262
263.91218881758414,136.14251587554432
264.0907166496159,136.68879570532553
264.2086452907984,137.06583939414182
264.45002480158735,137.8813378260043
264.57739935980953,143.65977364905595
264.6895393492683,141.2860486575244
264.9762108212429,139.8513608083076
265.0969490172365,143.03660478997227
265.21795363653337,148.43007785387996
265.5042618040048,148.4906913193269
265.5769227043032,148.51104026979888
265.7463194831968,153.86902559748802
265.9717135959206,148.4309085800459
266.024271647135,148.36877132198964
266.199844602554,153.79696468753127
266.4552476671,153.64510589738933
266.52427552238413,148.84783516356694
266.7084466843381,148.870507971331
266.93815201047937,148.69625777728044
267.01020740327465,148.6522587750987
267.2585381401905,148.49862148159374
267.43072025359686,148.39191855226665
267.4959697420635,148.35187608088128
267.73572649274604,148.16558226154007
267.9064069475445,147.86326388721116
264.79916042751745,139.21365178135846
265.59697711278574,148.49553917794904
265.6863742404508,153.9187674261132
265.79972524491586,153.82191930958965
266.0810924711683,153.8778582897586
266.2181309291301,153.79952016822617
266.39142717633973,153.70009421757007
266.6789463588175,148.85792466815678
266.74642411489367,148.86594713647133
266.8933444552953,148.73487301337985
267.19360351562545,148.53611274387765
267.29058159722223,148.47628839595419
267.4967690119667,148.35021411586632
267.75202675471274,148.14858584781837
267.81318301246347,148.0452720501765
268.0572994171635,145.2331946832633
268.2690817212302,142.58034474035657
268.3255150204619,142.6983492002068
268.57563805958574,142.7113524134749
268.7652103484619,148.2897981390816
268.8370961991572,148.24666009020822
269.06672886439685,148.77423393000458
269.22813294425873,149.13243885752283
269.2992195250492,149.13156414187728
269.56726558624763,149.12944918258947
269.6921938941588,149.48319213364906
269.76311093284926,149.57964815456376
269.9674818250873,153.86833983135702
270.0462704613095,154.03311133928705
270.11251298208094,154.17160601735264
270.3440832713302,154.65713328960766
270.34761943514445,154.66369360599376
270.4718695746524,154.92397239144603
270.7064916217143,155.4926970209155
270.71082705543176,155.50014285327364
270.8685738699778,158.1938863627773
271.0914732917905,153.29039530247792
271.1220877511159,153.26069337799652
271.32517496744765,153.40724459401125
271.5166848803317,158.2943374964164
271.5587071010048,158.2906608871133
271.7919970315604,158.45573651770513
271.9622173006572,158.46877470095743
272.00113932291754,158.47275209007495
272.2418164450032,158.52520064069336
272.38859146360323,156.59653187871896
272.47285388764925,156.5179038629945
272.7703033931667,156.30120553035007
272.83170185391907,156.263330448211
272.93647887214763,156.20663420397537
273.231118822854,156.08578232638106
273.30193898034446,156.06244251772546
273.4269883897572,155.9178843933388
273.68493458581435,155.51372016527395
273.73444087921587,155.4341334309247
273.3512999519476,156.02923002145374
272.4942161923365,156.467631854464
272.50596303788416,156.45538409061723
272.69810267857144,156.318366193761
272.87103562127936,156.2181229613126
272.8699699280763,156.21660674935762
273.06346590556825,156.12737795468794
273.2434711759048,156.06232757881517
273.27730693514445,156.0507326302833
273.5125102694079,155.77303141111938
273.64455934554763,155.56966229502783
273.6689976283476,155.53121929639184
273.927670433408,158.20004799790914
274.018690321181,158.04942518611716
274.1075061616445,157.56677116895585
274.3476988777286,152.3269776037338
274.42205519903337,152.21578444906712
274.5261056082588,152.12087346221946
274.7770036969873,158.21139002336707
274.7797163705984,158.213690512631
274.8697916666667,151.9818955113866
272.89489261687777,156.1716967743937
273.1733534071175,156.06056260400115
273.3164711604048,156.01723740987015
273.5454740978429,155.70881532443445
273.58352418929843,155.65133336789353
273.7908741784476,158.12652480843107
273.9019969153032,158.26019821054317
273.91669863746347,158.23893323565576
274.1484626891127,157.52538773415387
274.32158939422067,152.36806622025367
274.37792581225244,152.28592051994235
274.60576617528574,152.1310006651169
274.74958631727463,158.22424834761054
274.80221702939053,152.09161760862477
275.05863734653974,146.31353190833502
275.1593937949524,146.02204711820312
275.26664128379207,152.79774956156515
275.53769066220326,152.5898612431575
275.616891043527,145.92820281136844
275.7323007735,143.03530416654385
276.002865745908,149.41952449310216
276.0391235351556,149.42277885908297
276.1701311383937,146.1876493019371
276.3910444955984,147.08406383273459
276.3222830636159,149.9851878785626
276.34878007192543,147.08220555711304
276.2661404079857,149.9760645011122
276.04491218687934,149.42400749036295
276.15882025824607,146.17766165655058
276.2669396778889,149.97614417846466
276.2467399476064,149.97542022884144
276.4541868179572,147.03329829524773
276.55496748666985,147.37263543890737
276.59170968191904,147.4108285727574
276.861935570127,147.4095614458519
276.95828392392065,147.34857370251873
277.003769647508,147.27457329867698
277.2793724423365,147.5216913029932
277.34827919611905,147.21536237622215
277.4807157970604,149.80310180748054
277.73294600229366,147.2524313679984
277.72894965277777,147.25555876376393
277.8919522724461,146.79509414748236
278.1469920324905,143.51206165092157
278.1587388780381,143.49411354732192
278.32539876302064,146.36949384121257
278.5567995101683,149.76613846352996
278.55973016648096,149.77018897951007
278.76361665271594,143.89301545202645
278.91814216734923,147.4003090943873
278.9191594199524,147.40275119461688
279.12994869171587,147.60686960345367
279.2830936492429,147.99800402202112
279.2930239722841,148.01242343510933
279.5059930710572,148.0355691684724
279.6204582093254,148.19372117669292
279.6788291325651,148.32355074525398
279.93570963541754,148.55105110580692
279.97635129898254,148.50862572534368
280.0277467757937,148.45452475634536
280.2833920433413,148.79183539499272
280.2809215727302,148.78733704328522
280.35312228732704,152.05757785147608
280.5986919100318,152.00073224908468
280.5805266849572,152.02515863934192
280.7122851174969,152.52969621084063
280.89841812376034,159.1540176749556
280.8383517795143,159.15382717811195
280.9913998558413,159.0884515422319
281.1309572250127,155.281667363397
281.08595590742857,155.30841251959146
281.2458098880826,155.40537416389594
281.37931218223014,159.3071214994538
281.29107762896825,155.43912843722586
281.4836290147572,159.48314221375657
281.55071924603175,159.36626409123548
281.489538767981,159.47375820124964
281.71873546782064,152.63888693312276
281.72793918185715,152.63900502390683
281.7174033513143,152.6392593165598
278.8257901630698,147.29377071287664
279.6833098880826,148.3325461857219
279.58969842820005,148.12967574737826
279.77321564205084,148.52603110374307
279.7129313151048,148.39627191770694
279.3967110770096,148.08249832765557
279.6418447343127,148.24302431968124
279.5849270290794,148.0629673087638
279.5749482654397,148.05707845840013
279.671587262835,148.3071199847017
279.56443665519527,148.05109477071193
279.62065197172706,148.19777528325469
279.658314538381,148.27867136737996
279.1633000449524,147.72570510794185
279.3882824125746,148.0875671908812
279.4169108072921,148.07729112910974
279.2305113777286,147.94165490327038
279.36842176649367,148.09548665811556
279.1253468346968,147.6334366665191
278.9221627371651,147.45136840612147
271.71839153955875,158.33428446269258
268.1832207573778,142.4413426700645
264.6461850120905,143.7717263940437
257.2843036954365,136.83826064980968
252.86206442212384,317.9985100540434
236.9043743799604,310.559501713137
226.2220836821064,296.7208617735017
183.74993460519048,233.75579659712633
106.10808115156874,165.870789715532
72.19428410605778,130.4028899186133
69.7159721737816,137.98794590394778
62.148539225260485,129.32910615638696
54.540470668247785,113.52184757755228
54.036149524507145,112.39271314199532
53.88955010308158,112.07517988029808
53.97627088758684,112.30494467514106
53.98352486746651,112.30690563216983
54.041689918154766,112.39442412237946
54.02314927842889,112.38649114899212
53.86902339874746,112.06999784209907
53.749399336557616,111.81872982490447
53.628854902963816,111.52899717823499
53.500620524088575,111.34233562060582
53.41591607956667,111.12527339704216
53.3185323079427,110.97744459965942
53.2384357755146,110.71663042239851
53.212622990683975,110.61225665436105
53.100137861948106,110.4727881360219
53.05651710146953,110.40346541090723
53.04831852988587,110.40258849002758
52.97855195545017,110.2617413934627
52.94943915473095,110.18797012975502
52.94492206876238,110.18735391514613
52.87953331356952,110.04261740770987
52.87755935911142,109.96691139315662
52.86590939476382,109.96569837218165
52.81217665899366,109.893287037189
52.82019357832652,109.89455449071818
52.822664048936666,109.89493558840142
52.77749924432667,109.88921182869736
52.80122302827381,109.89201801819429
52.776796855623815,109.88922311793378
52.75050571986603,109.80297587653011
52.77376326303636,109.88895746155191
52.73582821800603,109.80051720019169
52.72909497457842,109.69158301605697
52.75646996876557,109.8040362805144
52.73150489443827,109.69209962105178
52.743893577939055,109.78398276122422
52.761156596834766,109.78691991001686
52.72527422223779,109.78194690945504
52.7192494225881,109.78139165239006
52.76768396771144,109.86918410304145
52.70851982964413,109.69403837160895
52.71940685453874,109.7826568664519
52.74365743001302,109.78671283739837
52.71000332302524,109.69653218154907
52.69066341339603,109.69300413617326
52.66212584480414,109.68915159057748
52.58867172967827,109.36121730381964
52.58700658404635,109.3610204850122
52.56033397856207,109.24406117199557
52.51063997783365,109.1906324277681
52.52634078737287,109.2380368796154
52.5087447393508,109.18889903833164
52.48199341789128,109.01931948601768
52.51564752487905,109.18870975278146
52.49842689150858,109.18508135721953
52.4905431838262,109.05856120716396
52.54008580767921,109.23517854418603
52.49921405126175,109.05765496563723
52.52513582744302,109.09177962229641
52.54341004386778,109.23292979090886
52.532444302997945,109.09100472403031
52.56795731801842,109.38089710987735
52.58979191855778,109.43619369809325
52.5759802924262,109.3845896814602
52.59102715386287,109.55530750407097
52.635762048146034,109.60962376457151
52.57532634432349,109.2622570037114
52.6294829353454,109.60721133667181
52.627630082387775,109.60664340353935
52.6345691983662,109.61059289461254
52.67578609406,109.66031505018074
52.68121144128222,109.6635211119437
52.68948872884112,109.66821693953548
52.69745720757381,109.67291646063642
52.66349429175969,109.6548886343131
52.661986578078576,109.62997011103462
52.64707292829238,109.62107912198374
52.61055477081777,109.43839735345783
52.6106032114181,109.43854476551292
52.64909532335064,109.47389989261241
52.61200798882381,109.44007359366876
52.607248699854296,109.43576758663443
52.58728511749746,109.41715664414833
52.49217805408303,109.3275779282595
52.48522682795444,109.32028117046225
52.50060066344253,109.33402072312406
52.462605067661904,109.2968352091676
52.273735167488255,109.00527567650141
52.20341152615016,108.79192093804004
52.05704825265064,108.66931623372649
52.02565874372207,108.61501908802421
51.918829055059526,108.46739754645921
51.81994967990445,108.35770720198889
51.76380096919953,108.30959710278694
51.43788050091461,106.9910211657131
51.30735730368001,106.74785926155462
51.25891064840652,106.66533559439479
51.19974651033921,106.20063294727125
51.13828144376238,105.97972490771085
51.12431238568016,105.9711818810697
51.05961996411524,105.93561050115684
51.030670650421584,105.91764803591208
50.96855163574222,105.68089398959881
50.86648729112414,105.61678497159792
50.78780159117682,105.05707388517233
50.6652650379,104.53817656405297
48.26740991501588,100.89509959964215
48.6261398073227,101.1703266676806
48.970431373232856,101.6749950990425
48.94216022794207,101.65560603810941
48.87999277266239,101.61724836930392
48.84054395887588,101.59559974614783
48.75836750817683,101.28139463756251
48.75567905486572,101.2802868196598
48.71336619059239,101.24480364552171
48.64214337061318,101.1847253249275
48.65221296037953,101.19353410909251
48.62472291976683,101.17052193745853
48.587320721338735,101.13949644830308
48.60214960007445,101.1516083435181
48.56357271709143,101.12270161464997
48.5518743121435,101.11611399671236
48.56527419317334,101.12294301980239
48.5058284941173,101.08593272365688
48.45415145631826,101.04349111626433
48.44756958976618,101.03636730741825
48.3740761166527,100.95456874350636
48.33182985820461,100.8937973788387
48.357724386548256,100.92789474472066
48.2936102246481,100.82186569434403
48.29278976198222,100.81553104376223
48.283489166744125,100.79175018767835
48.24511210123699,100.81917014322433
48.24711027599524,100.81220132044537
48.23049817766461,100.8248431891129
48.19071330721413,100.50885249057526
48.17932068355493,100.50277455192186
48.16019270155159,100.12016186034448
48.09374733576698,100.019903225346
48.09787689693397,100.02801947837379
48.06577288915239,99.97905388852521
48.03189171685111,99.92604914410546
48.033853561159205,99.93008768977984
47.99164968823636,99.41830033786697
47.95023903014175,99.3579825601921
47.93181343684128,99.33319498617594
47.87719363258,99.26363467385809
47.84525008428668,99.22659496588444
47.848765055338575,99.2301592835949
47.80091179741746,99.17873898772729
47.788765316917775,99.16606863982372
47.7877571469262,99.16417950571673
47.70555042085191,99.09457197575247
47.6950267004589,98.85482602502378
47.685032799130326,98.86804077447324
47.59355575319318,98.84776700581295
47.548823886447465,98.82669464080809
47.47473701598159,98.74140058294381
47.35863397991841,98.63930774054944
47.3456307063027,98.63556700159599
47.2779107472254,98.35225660389736
47.18586149669826,98.01756651031836
47.17345464797254,98.00457163696014
47.11046673002699,97.96267820602264
47.03813280378064,97.79340358194139
47.02879587809239,97.78014140939744
46.91718268016032,97.60663417330649
46.80209689670144,97.51488159183282
46.753438313802064,97.26420547965856
46.6159063672262,97.10859739148523
46.56385391477557,96.84434837371609
46.47917671809128,96.68666900837573
46.3546207972935,96.33485128552242
46.19796086871429,95.92809254453408
46.14580850752572,95.89838586986566
45.96829187302366,95.4787818241103
45.87019057500937,95.40126898226069
45.621905251154764,95.03113654849545
45.4230293395027,94.90833011100904
45.20500122554715,95.00403033256188
44.987908620683015,95.03453111366433
44.58696577284064,92.73533021648743
44.133595057896194,91.83217946118945
42.28276146782762,86.02805387456844
39.62354508657302,57.97363278187059
38.15490480453255,75.53416021746725
37.16128213065016,71.75232499360887
34.1950855557881,43.47502623315364
30.08700779506143,40.99308612709223
29.688689822242385,44.694602844288035
29.61032504127143,44.82316360587529
29.70958588615301,44.651799765996785
29.68544430202905,44.67922661806472
29.22959706139937,48.841913891576
28.825717502170164,52.17802381899887
28.025920807369207,35.61540400841488
27.945345924014127,35.40541839453037
