Actual Values,RFR Predicted Values
0.0197680223555792,0.023020685583833852
0.0334723157778619,0.06007751642321833
0.3053741086096985,0.31634682696123395
0.6684014721522253,0.6327159450695632
0.9487335644071064,1.02379704820016
1.213204671466162,1.2541256516780999
1.4778704870314827,1.6874026087876888
1.705943213568794,1.6012390607582152
1.9405624223133813,2.0011170014280633
2.19684725716,2.207245323067122
2.425367113143683,2.5988701580930775
2.666012635306714,3.041075316876427
2.909977473909889,3.255792414159741
3.124084737565778,3.127184456688897
3.376130073789571,3.30788798178401
3.5965768117753334,3.8710195968055396
3.8467944614470952,4.001039498553245
4.085779190063476,4.287312039371229
4.336259857056636,4.552874432693219
4.561895037454271,4.896708525378853
4.823545047215047,5.196650214267362
5.03473887367854,5.404906917766574
5.268116981264143,5.621420105307615
5.528362592061365,5.890672402559866
5.761024308583096,6.125192450171134
5.992869346860858,6.356260521175078
6.250646757701079,6.6040581276466055
6.483949933733253,6.85939319056825
6.729261458866175,7.19856661622841
6.970478996397953,7.4333320864356836
7.196468020242366,7.64163007487854
7.448979029579762,8.383955792504107
7.683944702148446,8.268761247673257
7.915002580672968,8.207218357550579
8.16812893700978,8.602502035916496
8.418693239726716,8.848866317007856
8.64339556012835,9.181968483067177
8.887035127670048,9.348340735798889
9.131496671646364,9.665425541267375
9.346347384982636,9.984894704759853
9.621255359952414,10.182686583893185
9.854259188213048,10.43884943821869
10.070919612097368,10.701163870539
10.32611983163016,11.128282334569096
10.565962110246938,11.661120305588689
10.794200594463048,11.88460595895423
11.057573651510571,11.770681436787525
11.294655572800414,11.857363254129211
11.523962020874016,12.164531659677804
11.772118674384222,12.352081808520127
11.990862044077064,12.467126025179848
12.220879963466096,12.824889061306768
12.480476167466906,13.031124961621597
12.695485069638208,13.493772704736223
12.94076253497411,13.928688047796292
13.177370646643254,14.420323256044385
13.40153709290519,14.278266572334651
13.639500027611144,14.442444808541486
13.888957008482922,14.459919363718724
14.095527406722775,14.583044859061774
14.347430637904573,14.891757346341164
14.58941262865824,15.18480013309962
14.817496708461224,15.358357327270703
15.059695168147018,15.697020552427245
15.28664392138284,15.928228073984089
15.518006824311763,16.269140017778557
15.7761119660877,16.79767266321457
16.008119734506828,16.877041399107497
16.22960075499524,17.279307583942487
16.493187253437306,17.33933091009314
16.7072568620954,17.37444202947973
16.947233109247144,18.008832456615284
17.221031491718573,18.213596321191115
17.437604873899367,18.724549363144753
17.68164559016159,18.89449947689685
17.904873499794604,19.131812784458436
18.134170108371272,19.19739407389716
18.382880801246355,19.353635104062246
18.621915484231582,19.817304616903623
18.85335407559841,19.783948465868292
19.104768359471908,19.90681054978031
19.347958337693026,19.98604522729563
19.5543485974508,20.2136434429752
19.799056885734448,20.6549988159909
20.0400685507154,20.842944318034814
20.231825207906983,21.10932356076523
20.49700116354317,21.707395531792688
20.712835826570952,22.025482771891912
20.94152238633905,24.318469055764
21.198831285749204,25.20460153190366
21.41741798037572,22.592037624780577
21.645383986215712,22.53998488259041
21.91615028986857,22.739434435002153
22.10748914688349,22.80262312245443
22.34642392113096,23.065726676766598
22.589397430420004,23.49874548429603
22.808972616044286,23.475172196650142
23.05162520635699,23.846537262989347
23.30300618731794,24.173729226971307
23.51344577849857,24.707732025416277
23.76769535125254,24.939147281097256
24.01034037272144,24.966825621708868
24.21696526663651,25.1477235167244
24.454885815817143,25.51911550528347
24.705385783362065,25.648260835278585
24.920272827148413,25.841469722600767
25.18221537272144,26.17434757878718
25.40081569126667,26.263182330880937
25.62307024758952,26.558640455665557
25.89184291779048,26.70604440549001
26.11051892477365,26.855142432110917
26.34488968622112,27.569811647789255
26.584743318103648,27.687724885520552
26.803831070188576,28.174219660933296
27.02921004522413,28.32983583466455
27.2964477539062,28.33002611147831
27.513134668743813,28.345033970128053
27.736179412357465,28.624882318890005
27.99663846454921,28.801681121499108
28.19213867187508,29.049868446606517
28.42069353376111,29.589203383604733
28.658212934221588,29.827441246036543
28.870631021166663,30.335870916867638
29.10175928993825,30.42758730047669
29.3597932845827,30.481840864345084
29.57934122236952,31.09109852731096
29.839757889036186,31.917911350306696
30.074092320033497,31.738133437706505
30.293125576443177,32.22901191547917
30.553657289535245,32.064669221500985
30.76170058477492,31.886945292991125
30.990052601647783,31.844485139655045
31.2288344852508,32.24882684762989
31.46742563399064,32.382373018423024
31.694415258982858,32.944842556478356
31.947568863157304,33.03301113283562
32.1577980404808,33.3093954435667
32.376131935725084,33.70188042145341
32.629533797975554,34.21375443571864
32.85275413876492,34.40695427959078
33.08594416058254,35.01987000126184
33.33614894321985,36.548064231405405
33.55628422328397,36.77465378117391
33.802940731956824,37.347229399193004
34.05305166093127,37.278347512326164
34.26401955740794,36.780721504308694
34.508254036070795,36.828247725400175
34.72919464111334,36.231264796085064
34.95082552470857,36.44147715023484
35.206171066041904,36.39994088526131
35.42582496764175,36.48346293004224
35.65211220393111,37.05370370856238
35.90923793732175,37.579556635623035
36.12865266345794,37.6664434523966
36.33020189073349,37.817171822428605
36.58877175951763,38.01224960261649
36.811295766679045,38.0986031002682
37.02528514559302,38.66511651866794
37.279147193545406,38.92818024773059
37.4962216331846,38.69373061426789
37.748878721206985,39.03471133771267
37.99231695750397,39.831215352561166
38.21158333430222,40.439393458421335
38.44936310298857,41.94960752108122
38.68867177811874,42.304824962605295
38.90044499957365,41.93882968098249
39.14124625069762,42.8946085420156
39.37978895883715,43.57095366882725
39.59827423095699,42.05192863818029
39.8549337235708,41.7207383498996
40.08147527301127,41.88722712731827
40.30908857073096,41.94239174391484
40.53549085344587,41.94800857723755
40.78002808586,42.06423759111092
40.996512155684286,42.21447594072068
41.235751197451584,42.58370849360446
41.470303611149845,42.88485003843592
41.687178233313176,43.063494341134884
41.94574204702222,43.11476287712579
42.17092423211968,43.48248845401204
42.39332108270556,43.78427973255967
42.65470958891365,44.288686847905886
42.85905020577572,44.32547354503796
43.087792774987626,44.68420461693901
43.32657465859064,45.293032840147106
43.55039142426984,45.282395760545654
43.78281245155937,46.001710348425085
44.02242085290334,45.90897531095641
44.23419407435826,46.09707151582702
44.4703631930881,46.63755393127982
44.70948113335509,46.86259529738769
44.93232303195524,46.85588191844889
45.18126835898746,46.77214393937822
45.40966276138556,46.977348061211316
45.61816018725206,47.29018768799929
45.8725732470316,47.528290091373044
46.11093733045794,47.710138674635154
46.34345221141032,48.179066315804256
46.5870932927208,48.54873572747837
46.80440388028588,48.607242649977564
47.0198525322808,48.69087912784268
47.28919740707159,48.9820008384229
47.49956887865826,49.04226807081864
47.721441965254606,49.62308333435842
47.97430492582778,49.847919710291436
48.19399213034016,50.63062396345154
48.4198948693654,51.66490305644416
48.67529490637397,52.38511628055885
48.89288099985271,52.51629177189601
49.10776652987048,52.65968243282055
49.33982728019587,52.65304602571319
49.57737090095635,52.995861743715004
49.82152363610651,52.78141071460938
50.07370842827699,53.629737341632996
50.26000189402746,53.61778715742622
50.53174457852809,53.49812993524684
50.74534946017794,53.074758588157906
50.959396362304766,53.289838142027925
51.203064691452695,52.986629256234835
51.42264593215223,53.20480421220834
51.652030339316674,53.76278815583336
51.89996144128222,54.18817259989882
52.11784726097477,54.15097339157638
52.34677753751238,54.7042528410071
52.591523670014936,54.98290589314662
52.80460781521271,55.36068044986595
53.02383180648555,55.36526498384585
53.20464240180128,56.03663801009079
53.413015698629685,55.95659853634164
53.66947840130525,56.10663457262941
53.93372187538746,56.15131709922789
54.14617023770778,56.80466419891331
54.38298422192778,56.941033101734064
54.63813297332286,57.16138955581538
54.84418717641682,57.31905014390536
55.08465237087668,57.21375851647071
55.3399282788473,57.25254243664738
55.543263753255246,57.47813330782371
55.79603286016555,57.547414348169795
56.01644970121841,57.6054222500349
56.23436579628603,57.873079998694045
56.48025028289317,58.09925791539177
56.73167516314795,58.51924706677271
56.96443830217636,58.94494815100945
57.18791295611667,59.15579049820138
57.41801186213413,59.20081849025733
57.643666343083495,59.49550434448026
57.89137340727302,59.69899997202163
58.10566856747589,59.79507526212457
58.33226158505397,60.03121831970349
58.59253292992,60.279857834627435
58.81745474679128,60.54889377291777
59.03138054741747,61.3929911792703
59.26691085573222,61.63111636273174
59.37484862312445,62.121771731089694
59.64475964743001,63.031152344400674
59.87410772414429,63.99884458030436
60.08675590394032,67.31279124295811
60.34683954148064,68.16333456622938
60.57555789039255,68.18783774638491
60.80482725113159,69.12043004010165
61.06187124100936,69.86667347238007
61.28208220951144,67.20272106306427
61.5164196680462,65.41644138461554
61.77928864009794,64.98783552288891
61.97583032032794,64.40994809221124
62.21922011602493,64.08370800243735
62.47863769531255,64.44161190655112
62.72002931625128,65.21977373609532
62.938823397197474,66.65856373416443
63.200656951419845,67.70088072208773
63.42264205690413,68.18560974934259
63.65015544588604,68.6887719856394
63.896548558795246,67.6855291076412
64.10920279366637,66.07208470714559
64.3512544177827,66.14454897429225
64.61042373899429,66.2399098287607
64.81259663899746,66.50334004502798
65.06538391113287,66.72422405989727
65.30107165139826,66.92000801462265
65.36923968602747,67.272104885692
65.65196930416049,67.35978434908986
65.880608937097,68.00770674907636
66.10598488459509,68.45800779481965
66.3712456112816,70.96596747608686
66.6077689519005,70.83076189723027
66.82313586038255,70.75262547600444
67.09143623473159,70.03002922164178
67.31768411303318,69.75670896924457
67.55177331349206,69.88610822811324
67.78673444475444,70.53076000782238
68.0203210739862,71.17603729671326
68.26449802943635,71.42967029325584
68.52690076071111,71.49187574145678
68.74100215851318,71.35525857280523
68.98819454132571,71.35590210841434
69.23320709712921,71.63437630363268
69.46221608964223,71.96218694024995
69.71996852329794,72.03765173945838
69.97627984909778,72.12498036409286
70.18752930656319,72.17703872291243
70.43799142988905,73.23461598368253
70.67274668860064,73.51817195285297
70.91120159815222,74.04615811194412
71.17192707364525,75.15010676693285
71.24207511780762,75.27793332079547
71.47165328737286,75.64351427947291
71.73341418069509,76.06509034717838
71.96609254867319,75.47128933501156
72.19132922944573,75.22592610069597
72.466320461697,75.12133714624098
72.68615601554747,74.92458522002946
72.92559184725319,75.14223401954958
73.18327162000874,75.84942783937747
73.42793298146078,76.04357585198247
73.66121080186636,75.8886708018724
73.9187634180462,76.07645481892875
74.12923782590843,76.5729701847346
74.37437148321239,76.5829916566279
74.63082207573778,76.74872802063257
74.85449654715397,76.99394956557371
75.10529169960635,77.5122422506526
75.35437932090159,77.81828469949443
75.57022458031065,78.14278183750524
75.83093189057858,78.21989755733107
76.06253851027715,78.32727719812685
76.29097832573778,78.61432711163644
76.39683920239652,79.3866159974395
76.6449519566127,79.81472946959599
76.90562293643049,80.27956398141164
77.15644836425778,80.48212019584815
77.39951724097841,80.39583498393391
77.63282533675905,80.23350824451035
77.8945680648562,80.08872606007618
78.10542999751985,80.27642935517083
78.35499596974206,80.36658566472818
78.60761369977683,80.57083688817362
78.81831214541477,80.89564847569648
79.06327020554319,81.75914140514998
79.3113647945343,82.2824464705121
79.53088548448349,82.81343373974688
79.77142333984382,83.99863219577414
80.02151610359319,84.02604295346774
80.23208739265556,83.88512802279875
80.46899825807604,84.15803287968889
80.7188185434492,84.8036258126943
80.94786992148747,85.45716659856008
81.18237086704794,85.59085808560637
81.28757779560398,85.76991209658962
81.50978088378905,85.70564045085179
81.78048512292285,85.77501701517771
82.01145595974398,86.2621937625526
82.23585704016301,86.20480164359155
82.4860164097378,85.7378917263416
82.72399902343746,85.53681540764042
82.95625353616381,86.91892773295666
83.23020329551096,87.21574488965106
83.44957866365952,88.17835411322623
83.69086129324779,88.04419028233825
83.94337608700715,88.43308891820597
84.17127094571556,87.59155599476763
84.40151517353367,87.160711194667
84.65973990304127,87.53287742732526
84.89838857499382,87.65116660633194
85.1487417069692,87.6754393811712
85.39948236374634,87.74802236847003
85.59874277266239,87.54536957775075
85.70351979089159,87.83721015809232
85.97131153893858,88.1367410635354
86.22109549386158,88.3955556737009
86.47958059159541,88.82050635384874
86.73384530203684,88.95546443680296
86.9398995051308,89.068644114909
87.1987842378162,89.29844423525267
87.43526519290985,89.60749097269539
87.68716236901668,89.6473573997622
87.9422747899616,90.53313484551137
88.1839812748016,90.29647089019305
88.40256342812191,90.58346305254987
88.65354628790001,90.86277186692995
88.87491983080668,91.07534137846667
89.11740742032494,91.48328133146948
89.37915620349698,92.40923537704508
89.59389338417668,92.28586822774344
89.841782100617,92.89407735169063
89.96453663659479,93.24151473650012
90.1716625879681,93.21683419319417
90.43717157273063,93.17367462124784
90.70288037496906,92.84845452787724
90.91359698583209,93.15215015021099
91.17354135664684,93.44642010009191
91.4367796882751,93.41379076851679
91.6587466285343,93.59863026978425
91.92658076210635,93.8327536568101
92.14963156079492,93.83743184287464
92.39406888447112,94.00747961501857
92.64247833736366,94.12238699822828
92.87501743861604,94.2644986490196
93.10870700412332,94.39641477494952
93.3775038946243,94.80863556044982
93.61945863754032,94.95885463241285
93.86402917286716,95.16780759119308
94.116677178277,95.36088682550817
94.34176248217382,95.59422890632145
94.56793164450032,95.7859417019936
94.69754658048112,96.09258830926922
94.91715204148063,96.218588990305
95.18402947319872,96.54512975508322
95.43830023871524,96.7304494159362
95.67054869636652,97.05693890860937
95.91796511695492,97.10928189706578
96.15359230647016,97.1612389327873
96.40223790728858,97.58164397207334
96.6405293298146,97.62810920796348
96.89624120318696,102.42461906664106
97.10177466982891,104.31271610034182
97.35952104840952,105.60686840814621
97.5937313503689,105.24907921663629
97.82626439654636,106.66024733474987
98.09989323691714,106.46565035795814
98.33525400313128,106.17212681035222
98.56377253456716,106.03864476835412
98.8381703694662,105.6363608535554
99.0382966541108,106.28861219640866
99.26723904079856,106.3428250805953
99.3939838712178,106.14892666461056
99.6301439073351,104.18385123879877
99.90665496341762,104.15047962203506
100.15767415364589,103.6941985466529
100.39340427943635,103.60056538114709
100.64897083100826,103.69504026269284
100.89811294797876,103.34810613096776
101.12740047394288,103.62991605456783
101.38760521298369,103.6881435288109
101.62672012571302,103.77145423112775
101.8590412442646,103.91875192375912
102.12511335100444,104.04585039082504
102.3592509920635,103.88448068048051
102.58620731414318,104.09494942099417
102.85856458875874,103.8298664968994
103.09385269407238,104.40817290131805
103.31442696707587,104.30924747696679
103.59727163163448,104.93990228790643
103.8106524755084,104.59366852088763
104.04121762230288,104.74059283945816
104.14593408978176,104.44882137681562
104.37596638997395,105.00072056824169
100.72640918550032,103.36026383976537
101.19499327644476,103.78420280868902
101.56339009602856,104.05414675911854
101.92649478004095,104.14934746969817
102.25351727198048,104.4880417363651
102.5751265268478,104.89346396901563
102.91858249240444,105.00823441349362
103.21302868071064,105.54430985431594
103.48769899398556,105.75457440054893
103.76256306966144,106.03548972370444
104.01280721028652,106.19549566150036
104.25775921533986,106.37717652385638
104.54157269190225,106.62333271071577
104.78897094726555,106.83681070885798
105.03295414031491,107.07748189941948
105.31823294503349,107.5039590367769
105.56842864505826,107.68246649827292
105.83366515144476,108.23623566132812
106.11845955016128,108.41977399826108
106.35966951884922,108.52080390320143
106.61423698304192,108.95638452041199
106.88462030319936,109.29425325333264
107.11769225105414,109.77639327519195
107.3954990931919,109.81965449929888
107.67753237769716,109.81609868517869
107.92496696351064,109.66476531120823
108.19366697281129,110.0514291738758
108.43892173161588,110.31498448967706
108.67368910047747,110.33979621959203
108.9476933554997,110.67708546069647
109.1976226322235,110.99922573427033
109.43614414760049,111.17154377089571
109.71987285311256,111.44336594477873
109.94472200908363,111.73974505642417
110.18960135323668,111.92798977585541
110.46388414171,112.17747352433291
110.71158515082462,112.35683190504868
110.96853831457716,112.57343034722435
111.24388679625493,112.73579505016899
111.48595658559653,112.85553642694205
111.74414498465396,113.13668314664059
112.0184883238778,113.42130977326104
112.24770924401668,113.06075125918467
112.49673025948668,113.09159728411029
112.76880900065112,114.08443103665256
113.00339471726193,113.97680718050441
113.26009356786336,115.04310999000695
113.52477300734748,115.15560015291285
113.77748761858255,115.25084344391703
114.03754098074778,116.4197651299622
114.27364046611476,117.20544864729665
114.52046954442588,116.44409464778381
114.7713434128535,117.62347612896139
115.04899282304063,117.14848415138673
115.28052678183904,117.52977664121053
115.54653833782858,117.68039941039913
115.80065772646954,118.05294649486282
116.04253375341015,118.35880218326847
116.32404630146335,118.6789120694987
116.43037341889892,118.51441474379668
116.66114443824416,118.96051070734238
116.9564262269035,120.38068873249338
117.19028533451144,120.68567488675879
117.43790157257573,122.26617198233245
117.72727360801098,122.21772591788273
117.94738769531256,122.6696384444096
118.19794669983874,122.6847987891623
118.46268669007316,122.34655750834426
118.69199238126238,122.83651500649256
118.93804640997034,122.80250455494574
119.1996014307416,123.78468012533902
119.41339401971732,124.14552251550458
119.68612670898445,123.35117861969695
119.7999015687005,122.90371023359434
117.81842670743428,119.74569762792683
118.2962811182416,120.43705255921905
118.6616443452381,120.49471062679234
118.931628030444,120.36423408644644
119.23927428230414,121.59284877294068
119.5028880285838,121.48105285858153
119.74377102322048,121.85313503822535
120.0530521453373,121.93077227397451
120.28281802222844,121.7310228989895
120.53088233584444,121.95234866896067
120.81614903041302,122.1200973817262
121.048349047464,122.45124946156048
121.31930154467382,123.20019581280675
121.59362066359748,123.41895565575517
121.83515760633684,123.57015932451488
122.09098452613462,123.85058414551689
122.38568502759176,124.0643968877111
122.61945936414938,124.08538174940406
122.8856767926897,124.59910465526285
123.1543162512402,124.68037199970318
123.35946219308032,124.87419072106772
123.64455934554807,125.18925491996656
123.91709827241444,125.43007584415204
124.1337004162016,125.65406998185485
124.4173443506635,125.72604575908461
124.66756427098842,125.96230807172212
124.89198957170764,126.06362356930299
125.16185215541302,126.35738915746676
125.28766450427824,126.43671549504303
125.51996140252989,126.50000282500709
125.8071899414062,126.64260397383465
126.03664095439603,126.72311181607324
126.30327012803826,126.79657301395412
126.58490377759176,127.08727257213506
126.79903545076893,127.1518730578003
127.06761435856887,127.26085672603122
127.33839731367812,127.4357204797312
127.56566849965904,127.58876166231117
127.831280420697,128.01936349113134
128.10391622876364,128.24090502480027
128.3191983661954,128.36335873719963
128.59874906994048,128.6447293268675
128.85624719044526,128.91243128219654
129.0858556353857,129.03226056509155
129.35190352182542,129.2943781108149
129.5829894050719,129.53304057980714
129.8086378309462,129.75067480228196
129.9637567429316,130.0320295185492
128.98857480003716,130.22938753678838
128.43527415442097,129.98669467736303
128.90012226407495,130.34534819065718
129.2378137982081,130.63964687505685
129.50242057679193,130.9114008840832
129.7907026987227,131.17137205604797
130.02135261656747,131.3791045494223
130.2793835836743,131.5414734822104
130.5444747682602,131.76886362760098
130.78125242203,131.98644785704602
131.03693402002733,132.20352675596519
131.33303929889018,132.8732402334972
131.5692962162078,132.6241697441714
131.82362147739954,132.92052695135692
132.08681136842765,133.18978867284778
132.30998932369175,133.32109368797268
132.59387546115445,133.65574948333645
132.8537713913691,133.96331012029222
133.06559002588668,134.14513296918176
133.3417014470176,134.41180822641502
133.5899110824343,134.49351786508564
133.8271125914559,135.20960602840378
134.1221279568143,135.1132681171665
134.3572344098773,135.32277491307553
134.58727882021952,135.48735941257038
134.88355364118303,135.89154790281296
135.10343763563367,136.082623062347
135.3417048378597,136.80649265423588
135.6216309562562,137.48132311769666
135.86190844339032,137.60571583961726
136.1124553377667,137.85337967333282
136.3684881301154,138.40099229177255
136.54771835084952,138.040783569175
136.74574352446064,138.18666755041414
137.01617528521825,138.86077585070592
137.24617125496033,139.39610498285862
137.50827123248382,139.64813457340028
137.76105850461937,140.40830476638214
137.98095460922,140.50140545187233
138.2492549835689,140.50226340592565
138.48587520538808,139.78891632518977
136.68851095532622,139.21803945383033
137.29019165039062,139.45684216513507
137.67705039372527,139.72896114997846
137.94607737707713,139.99061769548942
138.21781703404017,140.30889393178185
138.43558175223225,140.44806732612068
138.68887765066972,140.75612712503892
138.98030841161335,140.80205408660922
139.21174548921127,140.93609734515707
139.4511752658421,141.13772332496092
139.73685370551223,141.71752383978026
139.9596320258246,141.72222845020272
140.21177746000748,141.96094058493813
140.476820203993,142.306538921733
140.69775778149813,142.44917410836794
140.9665304516989,142.77799888366556
141.2374829489087,143.051526213367
141.4468311128162,143.3361816969183
141.73729306175605,143.56901379359903
141.99647449311763,144.11206466266128
142.22243778289317,144.31377179691836
142.4961635044643,144.3637839221835
142.73351033528652,144.50684363910966
142.9569910443019,144.58371485591792
143.24326288132448,144.4623969899786
143.47603207542778,144.78433693579228
143.7107510036892,145.99369374014694
143.9829871768043,144.57617785267658
144.20851450117812,144.65915040855384
144.4371420239646,144.73165993879434
144.724334232391,144.84793300720617
144.9402945382254,144.955912223811
145.18425351097477,145.0501351750871
145.46066768585683,145.2528232817623
145.6816294836619,145.50136285153764
145.9190005347843,145.76944167739805
146.05189732142858,145.89865312190003
146.25179956829732,145.99867624647945
146.51859828404017,146.32804333568973
146.78086780366445,147.07139868961607
146.98918660481775,147.2565011139816
147.2533331976997,148.11808366884532
147.48823377821176,148.31554907958767
147.70367334759433,148.46378178482593
147.97311207604795,148.60299158980015
148.09974791511652,148.74666558413543
146.7840285528275,148.107632052801
147.27439274863585,148.75399660574104
147.55209059942334,148.88252689388037
147.79861692398322,149.06024679600466
148.08921208457352,149.35083655854777
148.3079092843192,149.55045577349344
148.55756002759173,149.82142205489785
148.83982340494796,150.00729221182894
149.07344030955477,150.1851015450194
149.31721763005334,150.05510475735346
149.58738296751002,150.38522997872215
149.79245624844984,150.38848631684888
150.05488320002476,150.84355028329918
150.3095959860181,151.12838380888522
150.51766047402032,151.19238936931507
150.79205225384433,151.37107785354002
151.04892064654635,152.0086573397166
151.2605576288132,152.58049500438318
151.52532183934778,153.88281542510103
151.76587785993303,155.01497658937203
151.98538643973225,158.22494641325375
152.26199437701507,159.63122919150345
152.48516022212922,159.70749261771422
152.70964607359875,159.79827122632602
152.99430726066478,159.82257212586077
153.20055522615954,159.71681409987536
153.42803228469128,159.60023085631946
153.70783730158732,167.12191026653323
153.87363736591635,167.02539147956077
154.04611012292287,166.9368199509361
154.335191514757,166.79769587312984
154.53441559322303,166.83267778280495
154.78283110119048,166.47932113720543
155.04447089301223,166.26606686774838
155.24741278754334,166.06715750749726
155.50663054935526,165.05871602300124
155.77028062608508,163.58074992834685
155.97895062158986,162.80899055583038
156.25899784148683,162.75718429859296
156.4838348873078,162.67859370850738
156.68433053152907,162.61480649685186
156.94583711170017,162.623994949578
157.19100709945448,162.43750895405927
157.3895651196676,160.67683360653243
157.06156170557415,158.9961348588393
156.3874865335132,158.15954517617388
156.76728505936876,157.940740310673
157.0581345331102,157.94921664443524
157.26665920681432,157.93099506157077
157.49143570188494,158.0816025510486
157.76179480174238,158.30339145619052
157.97894190228175,158.48944314751023
158.23980664450033,158.90912522407822
158.50971766880588,159.15897068690612
158.72515723818825,159.3326210881209
158.9827401297429,160.52145688157083
159.2559087844127,162.5745874945998
159.43986196366507,162.79512610414517
159.69634283156668,164.21074643998386
159.9519638788127,164.9319751905337
160.15644376240158,165.3453274448124
160.4308718726746,166.45216421199876
160.67937215169204,166.32479242246933
160.9044877309651,165.9373284603465
161.15797739180317,165.94472484039628
161.3805013989651,167.27901898450676
161.5974547371032,168.25149400934333
161.86472574869842,168.60327373908194
162.07413446335556,168.35631736973133
162.30345226469524,168.67689713492936
162.58515857514925,168.7899213486489
162.80957176571746,168.98153451197535
163.05049109080477,169.2262610066619
163.33929394918732,169.29472522062076
163.519880506727,169.6751918180312
163.76264057462222,169.27583679129708
164.02884589301271,169.5312219655798
164.21665009998097,169.91857303142285
164.47795080760162,168.96519594217366
164.7197178431921,169.0760854160465
164.7929600306921,168.2543665057852
165.09212917751748,167.627328526766
165.31275189112063,167.97031811567643
165.50865778847302,168.7396582399434
165.77200511145242,168.75128246786775
166.00499228825717,168.89617437424386
166.22189718579523,168.69304843588043
166.47119673471587,168.94378961179996
166.7025611514143,168.53301976101238
166.92526681082543,167.89668284422686
167.21633426726828,167.84607558255976
167.3933483305429,168.2123107485243
167.6238408164365,168.03319875036817
167.87059723384766,167.998207487147
168.0528186616445,168.46841545176866
167.22965543232223,167.43460297051635
166.69490753658258,167.124186479146
167.08128187391426,167.44328403271274
167.34288533528573,167.77985977509812
167.57825821165082,167.89994139175437
167.78824821351114,167.82133824163222
168.0555434454048,168.28051910215652
168.3129689050095,169.17664049721617
168.5150873093381,169.01104472012776
168.77264598059207,169.1659608186033
169.03122190445237,169.4918971674251
169.23725188724606,169.58715421347432
169.5413135346905,169.79765724936897
169.76238432384602,169.95150068181897
169.95173863002225,170.18706328287863
170.2523488847032,170.26868874194474
170.46173337906194,170.45339086445847
170.6767248728921,170.7339316649999
170.9597511897016,171.0168244649598
171.17298671177463,171.22608462350618
171.3932945614762,171.53891352143006
171.66665697854603,171.73071347079903
171.8604314894905,171.91879121630117
172.11555602058576,172.18181915882337
172.38649640764442,172.65112972812682
172.56303817506827,172.88749359012198
172.8029039171,173.16351945774625
173.05827065119686,173.32643634859565
173.26816377185716,173.42095722478183
173.51846846323176,173.7030722285261
173.75278775654127,173.83306997774517
173.95695277622698,173.88356429596692
174.1309998527413,174.30840719934076
174.36746264260955,174.44848491723377
174.5519486684651,174.47848796260686
174.83139038085872,174.7094697566869
175.0409686376175,174.7862613085613
175.2574739002048,175.17696852564313
175.51688542441747,175.20408815554367
175.74029347253176,175.26752496002993
175.95355321490638,175.74801474835778
176.22025504944764,176.0091902456364
176.4201330760175,176.04070978717164
176.64022294301907,176.45455794691705
176.90406678214924,176.41791211331721
177.07862248496352,176.63113979244687
177.29659307570637,177.05265797279563
175.62079051184287,176.66919095163905
176.10140603686193,176.8057665744399
176.40026031978573,177.34480330688743
176.63232712518572,177.48257613272628
176.81815737769688,177.8360647116264
177.09376017252538,178.10414305002743
177.32615395197777,178.71673593727266
177.5547088138635,178.86032101828462
177.81266712007144,179.61863130641413
178.03527589828258,179.4503189904913
178.2568310934397,178.51754226067584
178.5300724090095,178.62897023879503
178.74380444723494,178.0508053758377
178.91736711774604,177.9310175237776
179.22245812794446,178.05310896452144
179.41826714409683,178.1769669200913
179.6362861754397,178.2951389667809
179.92665124317935,178.59923747046454
180.10853358677463,178.689453593598
180.3490411667604,178.7476730131379
180.61382959759365,178.92485889183857
180.79315669952857,178.95362771214874
181.0577876984127,179.12760395592406
181.29745967804448,179.31766767028208
181.475382002573,179.3954238409956
181.73358251178092,179.71466732471188
181.9638691251238,179.8335163362827
182.14548504541747,179.92418749144483
182.41789076063336,180.1574960918605
182.65268234979524,180.4612871948654
182.8455364893349,180.5045460325376
183.11652531699525,180.8267529683935
183.3410596090651,181.19057063371753
183.51664467463493,181.4618530411549
183.8210454062809,182.14811468138976
184.003351605127,182.28079551194736
184.20896984282064,182.3584859892249
184.48776971726195,182.92119271543487
184.5342726934524,183.0609414407406
183.34531027173173,182.69804077956832
183.8339306059333,183.07465285477298
184.03763543991747,183.25003260698392
184.24389551556348,183.40269192800014
184.49588351779525,183.6958937502379
184.6594674246651,183.75196285583888
184.9222940111921,183.97305649451644
185.1871672130762,184.17768641843173
185.36984882657464,184.20671927721457
185.6423998635921,184.24631747952472
185.8705550905254,184.39956333337327
186.05934021964924,184.43664791533863
186.3424634176588,184.57629940933498
186.55390663752544,184.69410319327446
186.7431640625,184.82250680202324
187.03258453853493,185.23256828735614
187.22479684012225,185.42337057911735
187.4393644787016,185.56008892178588
187.72241501581112,185.69991156887139
187.9041762579048,185.7581212107238
188.13135056268567,185.99077003372128
188.4010072738413,186.1908277379115
188.5715181865397,186.4215830442265
188.6997041248143,186.7108325900066
188.97654215494765,186.94670478758275
189.1601804703,187.02462286755582
189.39607408311588,187.2178367740814
189.6621583000064,187.34419444298703
189.8439679827016,187.54885207865993
190.1035248287143,188.14402528875155
190.3346954830112,188.46621774197948
190.4925876193572,188.53753076093895
190.7761710030699,189.17803473179322
190.9793551006016,189.45807211945504
191.14255148266983,189.5172303531679
191.34568713960164,189.59761134376507
190.70566570948097,189.6726683282803
190.29549492730004,189.70114079056515
190.7099769228984,189.87447873408888
190.89299762059844,189.98442813426465
191.0745651002921,190.05958189484946
191.3578820607016,190.20222059981552
191.54193212115555,190.26841538038
191.75494966052852,190.42235365555803
192.03778221493653,190.48815561036864
192.2338092137905,190.4892410564109
192.47310577876985,190.57217851079923
192.75361318436828,190.71236131991975
192.91320074172225,190.81990221793214
193.1889125279016,190.87032415672002
193.4289720323349,191.26084611936125
193.6024862622461,191.25872538394978
193.8686310298857,191.26337915407976
194.0998622349333,191.29294951349388
194.26938011532692,191.30644108577675
194.5471264067143,191.3790426776334
194.76067679269048,191.42521569982793
194.95210193452385,191.48639495162746
195.22924271840955,191.63067581715947
195.4258752247651,191.77441845133094
195.6155443948413,191.93199136233497
195.8898635137651,192.03874175306996
196.08840942382852,192.0841646738128
196.3022988940048,192.1944856261125
196.59573993985555,192.56597311106842
196.7558603438127,192.72145576993768
196.980176653181,192.93236173205827
197.17315189422064,193.01261756360702
197.3209562755762,192.6436874718491
197.54490928044444,192.7259799960671
197.8266519213477,191.24368026548052
197.97586108010955,191.26417874776146
198.22312612382223,191.37161614138344
198.45699734157932,191.49209525611866
198.6180017864889,191.44219044506153
198.8614158024857,200.8165450512276
199.08222016834128,218.58499498207118
199.2539057655937,218.19781427833755
199.49094984266512,219.46249696093645
197.30809529622385,207.2788464106151
198.0227273608016,210.79113229542955
198.43143281482543,211.1186560305373
198.5815623449905,212.31082836596065
198.77286638532385,212.43167629727532
199.05448792472697,212.15492841266277
199.26088121202227,214.29950063262476
199.47484334309843,214.83142494782314
199.762423076327,214.70796627158563
199.90560138036352,214.41206802619615
200.15843709309843,214.50063891626897
200.43540833488416,214.32321345737273
200.5979144383984,214.42359773101893
200.8510650150365,214.5223746561572
201.12003144763813,214.67835518904616
201.28686087472067,214.8037970281953
201.5242077055429,214.9984359230095
201.7937312050476,215.10041665955356
201.96787516276032,215.6892218919013
202.240607852027,217.27688137415075
202.4165198916476,218.650410905499
202.5963556198841,221.02660209769718
202.88570343502064,223.71797542357035
203.08725266229524,223.56264377132752
203.2727196103048,223.0633512773907
203.55609712146511,226.57057877130617
203.7355453249016,227.58113758893668
203.93480573381743,230.13080094075045
204.22004820808576,230.64641358942563
204.38837929377465,231.19128387045478
204.5958746047254,231.01118810702107
204.8802693684889,231.3598973403245
205.03556993272545,231.482262708231
205.2682543557794,228.23027896859614
205.51096598307305,228.0635381896869
205.58098687066035,227.35978991704974
205.8317154172873,227.36142525737483
206.07900468130003,225.39742803701554
206.23357863653337,224.79921161513073
206.507364908854,224.51237784002186
206.72525072854603,224.5968273534373
206.8972148592508,224.63164757896166
207.17303563678087,224.74318854833803
207.3743789915048,224.88144493705025
207.55462646484443,224.9540297876812
207.8194996667286,225.15109332286005
207.996501619854,225.16722143425184
206.24888586619525,224.53404141043518
206.7875211201016,224.6693204008588
207.09950280567932,224.75993210334622
207.2715395972841,224.80827131106932
207.52757238963332,224.9543394014341
207.69452291821744,225.1407531064772
207.936629038008,225.1488766930917
208.1935822017603,225.46217033206324
208.35777161613336,225.5254695736808
208.5941617451016,225.60748572936612
208.8655502077127,226.14042495636377
209.0034121558778,226.1834405539145
209.2745826357889,226.5137922152301
209.5040215386286,226.72143375124986
209.6704634409096,226.8898283120132
209.92157951233813,227.15505635855303
210.14895968966988,227.3440467692899
210.3084988064238,227.53299891749018
210.597592308408,227.79848624254402
210.7989841037333,227.9435954159274
210.9737577892492,227.62612149886854
211.25071692088247,227.74171559972194
211.4402165488588,227.2801900642828
211.647542317708,226.31914440862775
211.91922142392067,222.92537452503214
212.07633851066512,217.44062084846286
212.2885083395333,217.38386011006705
212.5745500837048,216.82105387969295
212.7195812407,214.9124763192969
212.96306791759685,213.14405566908104
213.2183741009429,212.63572113497693
213.36444673084128,212.34180537225228
213.4908766973588,212.0665095234689
213.73729403056825,211.55466318659373
213.8808719695556,211.79533104974135
214.1362265935016,212.03099585129888
214.35769701760955,212.1455746387521
214.5292494032112,212.24515928109574
214.78777688647145,212.89007221125627
215.0038219633556,213.12075957832587
215.17007010323653,213.66790856264075
215.4626997690349,214.25538219121168
215.6166682167667,214.29507987719307
215.8093407040556,214.15221729418062
216.09063526940795,213.7825346842039
216.24072846912225,213.98181812281462
216.4190625387524,214.02613435148706
216.6266305106032,214.1018306711192
216.7562575567333,214.14221309297855
215.076531304254,213.6568048110195
215.07808140346032,213.73198270899172
215.4319399879096,213.73182675692203
215.6236921037953,213.73985067909737
215.87245880611428,213.80082973842246
216.0311502123635,213.83814892142027
216.28030443948413,214.2878924541953
216.53231666201592,214.29008969285178
216.70963347904288,214.3254039180764
216.97930230034763,214.3702667301493
217.1658954923111,214.3484052937443
217.34236459883496,214.35708869843884
217.622205946181,214.05017332557864
217.8220718626,214.0938341775761
218.00348191034288,214.0628899331324
218.28603593130003,213.67618474850636
218.4400770399301,213.69460918457597
218.6358012850318,213.71628914055574
218.9083765423492,213.91257668526853
219.069126674108,214.03065278492866
219.27226233103968,214.07597527063226
219.5273989722841,214.21222926840935
219.6859450567333,214.3405418638116
219.8821052672365,214.4051783510039
220.15620640346032,214.53233257476165
220.31397743830635,214.25774318056617
220.56119404141907,214.480742039688
220.7959129696794,214.58005991306598
220.93111068483336,214.62756507358506
221.17387075272865,214.79205199257703
221.3726709759429,214.93208595432827
221.52697850787465,214.99906074070614
221.7622060624381,215.1289645600317
222.00251988002225,215.25335916385032
222.14122953869048,215.4079826002107
222.42058648003493,215.6028357927279
222.602941119481,215.74885783643325
222.75758773561589,215.8809535840802
223.03929404606828,215.9703454637293
223.2158115931921,216.08726750107908
223.3912392268112,216.17762667028026
223.6596485925095,216.46017979539604
223.7979949466762,216.52829237972023
223.9956325954857,216.7446042824688
224.2474510556175,216.96171263700577
224.367075117808,217.12626661702419
224.5800926571794,217.32434123509194
224.82604980468733,217.5220797920332
224.9648321242556,217.61964291550026
225.17283606150795,217.73579843645558
225.42077927362385,218.3748054114857
225.552125961062,218.16689506053024
225.77158610026035,218.34497306875375
225.9656391446556,218.8240196908503
226.07821509951592,218.56287206609608
226.23797219897145,218.7147804957771
226.37120806981588,218.93745849159313
226.4345441545762,218.9192450111839
226.6351851205984,219.2185365882934
226.7661685035349,218.86530993846938
226.84839642237148,219.0122789686815
227.0836481972349,219.34371846398057
227.19891260540635,219.76077769936944
227.32870919363813,219.68934876273585
227.5788080124635,220.26076909982328
224.06383696056508,220.63118940992325
223.6333695669016,220.87386791164573
224.3438236297128,221.0714950218263
224.47144039093493,221.14970555752728
224.70509362599208,221.26509814313647
224.96846516927147,221.38590020365805
225.1467507983016,221.4300282572914
225.41511172340003,221.46273355978153
225.6773206922746,221.4978703683896
225.80920022631432,221.1772082741603
226.0928926013762,221.2484785336518
226.3377356150794,221.42074895007545
226.50078667534763,221.52546610103795
226.7852541000127,221.76175819675694
226.96104503813177,221.9791079253459
227.1601843455477,221.97861418476722
227.46506948319688,222.12301219766678
227.64783586774604,222.61710514683392
227.83740815662225,222.8429569633356
228.11712840246827,223.0687415224389
228.273300897508,223.5089192665392
228.4895397367937,223.86910456299015
228.77998957558256,223.93407979182393
228.9333282955112,223.93969799377203
229.1331942119302,224.0084525647353
229.43628704737148,224.0840484077085
229.5661805168032,224.13623000295536
229.816206674727,224.25966140228053
230.05845811631903,224.5817716473079
230.2130562918524,224.7526576413709
230.46790228949683,224.8146864724977
230.6966872442333,224.93819424116688
230.836995442708,224.97248471387522
231.10814170231907,225.03936098698352
231.3212803431921,225.15742243125413
231.48571196056508,225.19926635163583
231.76162961929523,225.65097113014224
231.9342961387032,225.76053801409245
232.1055821010048,225.92074890079553
232.3978726826016,245.33607043800004
232.56213475787465,254.05865754801815
232.7489459325397,275.04289095597034
233.03782145182225,284.99785156202734
233.19353376116032,286.53221338616635
233.362615676154,290.50754853545055
233.6568196614588,290.530345619312
233.8019719199524,291.51709606234584
234.0055435422873,292.0667501066251
234.2807830326143,295.2614037903313
234.3935527498762,295.97599302631977
234.63100857204924,296.97646202111883
234.8849826388889,297.5850552559836
235.0119696723096,297.59220941150414
235.2209908621651,298.2029721220028
235.46428377666192,299.27735455239076
235.5837625170508,299.8008902706791
235.84546285962384,299.8992020420264
236.03963700551904,300.01195315967516
236.1767723446794,300.26837458179386
236.46097334604443,300.4845156005878
236.63773309616823,300.95942722850236
236.7954314701143,301.201331874393
237.0575435577873,301.393525480521
237.1955266074524,301.54398661547134
237.38228934151743,301.6478975768913
237.6480344742064,302.0090319730801
237.74346245659683,302.23692673149253
237.8706432524175,302.32739610412625
238.1489345005588,302.7270003006519
238.2571750217016,303.00488768086734
238.4773859902032,303.20302449597233
238.6875213138635,303.5432559062729
238.77519880022385,303.62177971023914
238.953411768354,303.7597532321974
239.1154940166175,303.8156151245862
239.14957197885715,303.8355203664713
239.32650127108096,303.8676525536799
239.4766186910969,303.8583899174973
239.5742022801953,303.93174624944277
239.8032536582349,303.9947010927945
239.9603465246778,304.01895309055595
240.12361556764608,304.10446818019744
240.39088657924128,304.2928048722923
240.48922099764448,304.31508271500354
240.6711396716889,304.3587334766694
240.96035427517305,304.6524477803306
241.0468691871286,304.71624716441977
241.24741327194923,304.77144751359
241.52040027436823,304.99795510562626
241.6155376131572,305.02506461683066
241.83381095765083,305.16835865704195
242.0792836991572,305.4353296499213
242.17146616133496,305.5291691755114
242.40165589347785,305.69721450301023
239.72213987320163,303.9635613231061
238.7587774367556,303.6433487713151
239.45818704272065,303.869154320362
239.66689336867623,303.9635613231061
239.74493117559527,303.9684926030431
240.03310430617623,304.09174954457126
240.24236769903337,304.1589275023782
240.4056125217016,304.30244643853
240.68850562686032,304.3683750429071
240.85642496744765,304.59330343413313
241.03923979259685,304.72588873065746
241.3474431113588,304.9264985795707
241.49102105034763,305.00759667186395
241.6817559136286,305.0988701245039
241.9507707868302,305.2090200484667
242.07499670603968,305.4759384629343
242.29431152343813,305.5892383677547
242.57647801959368,306.1011723859306
242.6960778614825,306.3395873451318
242.9178873697921,306.6749149970077
243.18474663628413,307.52533527406297
243.30696227058576,307.94972541529154
243.57159326946987,308.1448315778874
243.7814379495286,308.67950288372367
243.8523065476191,308.6849215408907
244.13733103918733,308.8598784649097
244.3416292705238,308.93954851932705
244.4697546580477,309.0191674330236
244.75896926153337,309.47401854843105
244.9064708891365,309.63774135541547
245.0649685329857,309.8395822785449
245.3384157211064,309.94344785000806
245.4861353314112,309.9896400384934
245.62947106739844,310.1595445057671
245.913357204862,310.3262562722236
246.04051378038253,310.407399343705
246.21136377728257,310.46390758086494
246.49905250186032,310.5990067826968
246.62640283978257,310.630391575999
246.8175010075651,310.71297213303984
247.0845782567588,310.80116646244716
247.1899607824905,310.95959938829617
247.39021422371115,311.00717319777846
247.64319525824607,311.2443831665842
247.7278936476937,311.27442084347217
247.9715014260921,311.4216258138194
248.2205829923111,311.5344931790501
248.3300829690604,311.5806233414404
248.57773553757465,311.60745373521735
248.7697782970604,311.6502786461279
248.88126433841748,311.67265384105445
249.16289798797143,311.72647030999894
249.3074205186635,311.778326179265
249.4383070204,311.8016601086666
249.71558101593493,312.01730882100475
249.8671758742556,312.04544895123144
250.013103182354,312.0797495871516
250.31304737878256,312.0913507261458
250.4012092711429,312.10136527049116
250.5756923130588,312.10136527049116
250.84979344928087,312.10300814047105
250.92507014198893,312.10300814047105
251.09829372829844,312.1202485194998
251.35103255983336,312.1202485194998
251.41204349578416,312.12423852263754
251.59500364273336,312.12423852263754
251.8299163333953,312.12423852263754
251.90131777808733,312.12423852263754
252.1004328652032,312.130493505165
252.2973439050095,312.130493505165
252.36193944537465,312.130493505165
252.6158650716143,312.1684171222639
252.77586437406987,312.17129250415144
252.8688945467508,312.17129250415144
253.14248705667143,312.17129250415144
253.2659621465778,312.17129250415144
253.36797805059527,312.173817705602
253.6075652591762,312.2623630369839
253.71440100291431,312.35475131625856
253.8429381355413,312.35475131625856
254.11243741474448,312.3571855324108
254.2332967122397,312.3571855324108
254.396614195808,312.3571855324108
254.651993040054,312.3881316245908
254.72911047556985,312.3881316245908
254.92604573567772,312.3881316245908
255.18420991443497,312.3881316245908
255.25389171782064,312.3881316245908
255.47545902312703,312.3881316245908
255.69295731801904,312.3881316245908
255.78983851841588,312.3881316245908
256.0378786117318,312.3881316245908
256.23454744853655,312.3881316245908
256.31619408017144,312.3881316245908
256.6123599097842,312.3881316245908
252.62116931733647,312.3881316245908
253.4054952954492,312.3885701203286
253.7452334449413,312.3890909752191
253.8797045510921,312.40275643302397
254.0200369698667,312.40275643302397
254.3638441297746,312.40275643302397
254.4886513361857,312.6131859587384
254.68548971509207,312.66018396015
255.0090971447175,312.7324206260792
255.0884186275429,312.7324206260792
255.3071037171381,312.73293573020595
255.58401440817147,312.73307190007677
255.6913587782112,312.735839660528
255.91295030381903,312.735839660528
256.17155044797937,312.7758156841413
256.25801691933333,312.7758156841413
256.53018043154765,312.7891465707251
256.751457093254,312.92306234752573
256.8353319924969,312.93154903716675
257.10906982421903,312.94936818949253
257.29626852368574,313.56003296323394
257.4109032040556,313.73539962917187
257.68921867249526,314.0890705744147
257.83381386408735,315.7499975417757
257.9633682493175,315.7507330233857
258.23303707062223,315.8346695283708
258.3475264291921,316.2694387712913
258.4384978763635,316.44780519986676
258.62964448474764,316.54783598788975
258.5841587611603,316.7334336333789
258.62618098183333,317.8514253347516
258.7859865218873,317.91429934648625
258.7786719912572,318.31123217612003
258.8968670557413,319.12175241824303
259.1085766989096,319.5322763494962
259.1556367420016,319.6634733990215
259.3782939608143,319.6634733990215
259.57358224051274,319.6634733990215
259.64851984902066,319.6634733990215
259.8827059306794,319.6634733990215
260.06966242714606,319.6634733990215
260.12929280598894,319.6634733990215
260.4152134486603,319.6634733990215
260.566541883681,319.6617800044741
260.6768411303317,319.6617800044741
260.9536307198667,319.6617800044741
261.0848078652032,319.6617800044741
261.22845846509205,319.6617800044741
261.5207006060889,319.6617800044741
261.5967039078,319.7702341504441
261.7766365172365,319.7702341504441
262.04494900173654,319.7702341504441
262.1099078466016,319.7702341504441
262.28642539372544,319.85024582879504
262.5669206891746,319.9005382472482
262.6379103887651,319.9005382472482
262.85187251984127,319.9005382472482
263.0808996775794,319.9097290521297
263.1515260726683,319.9097290521297
263.3830721416175,319.9101338293611
263.5978093222968,319.9101338293611
263.6331709604413,319.9101338293611
263.91218881758414,319.9101338293611
264.0907166496159,319.91660035784173
264.2086452907984,319.91660035784173
264.45002480158735,319.91786100741496
264.57739935980953,319.9199783154063
264.6895393492683,319.926696439802
264.9762108212429,319.9474922285347
265.0969490172365,319.9474922285347
265.21795363653337,319.9474922285347
265.5042618040048,319.96958892218703
265.5769227043032,319.96958892218703
265.7463194831968,319.96958892218703
265.9717135959206,320.0348549564232
266.024271647135,320.07212853183114
266.199844602554,320.0724316792359
266.4552476671,320.10790567635104
266.52427552238413,320.1511896214415
266.7084466843381,320.1511896214415
266.93815201047937,320.1553172321411
267.01020740327465,320.1570695720171
267.2585381401905,320.16322350540963
267.43072025359686,320.17115771095945
267.4959697420635,320.1979663339877
267.73572649274604,320.1980728208849
267.9064069475445,320.2108321226263
264.79916042751745,320.25405647644624
265.59697711278574,320.2695436062513
265.6863742404508,320.35267171815724
265.79972524491586,320.3574347168283
266.0810924711683,320.3560323923613
266.2181309291301,320.50816330265064
266.39142717633973,320.5825777751308
266.6789463588175,320.6855942873994
266.74642411489367,320.75070012178753
266.8933444552953,320.750950896165
267.19360351562545,320.7705472398817
267.29058159722223,320.8107446679004
267.4967690119667,320.82377836322763
267.75202675471274,320.8669550976507
267.81318301246347,320.9330880086017
268.0572994171635,320.94342973032906
268.2690817212302,320.98958063654584
268.3255150204619,320.98958063654584
268.57563805958574,320.9957029407376
268.7652103484619,321.06081678511805
268.8370961991572,321.06166461200604
269.06672886439685,321.0649830080886
269.22813294425873,321.06945792384323
269.2992195250492,321.0733817277203
269.56726558624763,321.06286070539386
269.6921938941588,321.06286070539386
269.76311093284926,321.06286070539386
269.9674818250873,321.06286070539386
270.0462704613095,321.06286070539386
270.11251298208094,321.06286070539386
270.3440832713302,321.06286070539386
270.34761943514445,321.06286070539386
270.4718695746524,321.06286070539386
270.7064916217143,321.06286070539386
270.71082705543176,321.06286070539386
270.8685738699778,321.06286070539386
271.0914732917905,321.06286070539386
271.1220877511159,321.06286070539386
271.32517496744765,321.06508211098446
271.5166848803317,321.0672338660997
271.5587071010048,321.0672338660997
271.7919970315604,321.0672338660997
271.9622173006572,321.0696165898129
272.00113932291754,321.0696165898129
272.2418164450032,321.0696165898129
272.38859146360323,321.0696165898129
272.47285388764925,321.0696165898129
272.7703033931667,321.0696165898129
272.83170185391907,321.0696165898129
272.93647887214763,321.0696165898129
273.231118822854,321.0696165898129
273.30193898034446,321.0696165898129
273.4269883897572,321.0696165898129
273.68493458581435,321.0696165898129
273.73444087921587,321.0696165898129
273.3512999519476,321.0696165898129
272.4942161923365,321.0696165898129
272.50596303788416,321.0696165898129
272.69810267857144,321.0696165898129
272.87103562127936,321.0696165898129
272.8699699280763,321.0696165898129
273.06346590556825,321.0696165898129
273.2434711759048,321.0696165898129
273.27730693514445,321.0696165898129
273.5125102694079,321.0696165898129
273.64455934554763,321.0696165898129
273.6689976283476,321.0696165898129
273.927670433408,321.0696165898129
274.018690321181,321.0696165898129
274.1075061616445,321.0696165898129
274.3476988777286,321.0696165898129
274.42205519903337,321.0696165898129
274.5261056082588,321.0696165898129
274.7770036969873,321.0696165898129
274.7797163705984,321.0696165898129
274.8697916666667,321.0696165898129
272.89489261687777,321.0696165898129
273.1733534071175,321.0696165898129
273.3164711604048,321.0696165898129
273.5454740978429,321.0696165898129
273.58352418929843,321.0696165898129
273.7908741784476,321.0696165898129
273.9019969153032,321.0696165898129
273.91669863746347,321.0696165898129
274.1484626891127,321.0696165898129
274.32158939422067,321.0696165898129
274.37792581225244,321.0696165898129
274.60576617528574,321.0696165898129
274.74958631727463,321.0696165898129
274.80221702939053,321.0696165898129
275.05863734653974,321.0696165898129
275.1593937949524,321.07661039469946
275.26664128379207,321.07661039469946
275.53769066220326,321.07661039469946
275.616891043527,321.07661039469946
275.7323007735,321.07661039469946
276.002865745908,321.07661039469946
276.0391235351556,321.07661039469946
276.1701311383937,321.07661039469946
276.3910444955984,321.12235184554925
276.3222830636159,321.12235184554925
276.34878007192543,321.12235184554925
276.2661404079857,321.12235184554925
276.04491218687934,321.12235184554925
276.15882025824607,321.12235184554925
276.2669396778889,321.12235184554925
276.2467399476064,321.12235184554925
276.4541868179572,321.12235184554925
276.55496748666985,321.12235184554925
276.59170968191904,321.12235184554925
276.861935570127,321.12235184554925
276.95828392392065,321.12235184554925
277.003769647508,321.12235184554925
277.2793724423365,321.12235184554925
277.34827919611905,321.12235184554925
277.4807157970604,321.12235184554925
277.73294600229366,321.12235184554925
277.72894965277777,321.12235184554925
277.8919522724461,321.12235184554925
278.1469920324905,321.12235184554925
278.1587388780381,321.12235184554925
278.32539876302064,321.12235184554925
278.5567995101683,321.12235184554925
278.55973016648096,321.12235184554925
278.76361665271594,321.12235184554925
278.91814216734923,321.12235184554925
278.9191594199524,321.12235184554925
279.12994869171587,321.12235184554925
279.2830936492429,321.26112107790425
279.2930239722841,321.3075768166092
279.5059930710572,321.76812955381405
279.6204582093254,322.78033670588457
279.6788291325651,322.8259051838927
279.93570963541754,323.1465398491506
279.97635129898254,324.1496791240674
280.0277467757937,324.287018833019
280.2833920433413,324.56269159715407
280.2809215727302,324.61032316166654
280.35312228732704,324.65606461251645
280.5986919100318,324.65606461251645
280.5805266849572,324.65606461251645
280.7122851174969,324.65606461251645
280.89841812376034,324.65606461251645
280.8383517795143,324.65606461251645
280.9913998558413,324.65606461251645
281.1309572250127,324.65606461251645
281.08595590742857,324.65606461251645
281.2458098880826,324.65606461251645
281.37931218223014,324.65606461251645
281.29107762896825,324.65606461251645
281.4836290147572,324.65606461251645
281.55071924603175,324.65606461251645
281.489538767981,324.65606461251645
281.71873546782064,324.65606461251645
281.72793918185715,324.65606461251645
281.7174033513143,324.65606461251645
278.8257901630698,324.6591034056022
279.6833098880826,324.6591034056022
279.58969842820005,324.6591034056022
279.77321564205084,324.7467148122194
279.7129313151048,324.80100928809617
279.3967110770096,324.80100928809617
279.6418447343127,324.84746502680105
279.5849270290794,324.84746502680105
279.5749482654397,324.84746502680105
279.671587262835,324.84746502680105
279.56443665519527,324.85737931682445
279.62065197172706,324.85737931682445
279.658314538381,324.85737931682445
279.1633000449524,324.8907639117561
279.3882824125746,324.8907639117561
279.4169108072921,324.8907639117561
279.2305113777286,324.8907639117561
279.36842176649367,324.9176705890599
279.1253468346968,324.9176705890599
278.9221627371651,324.9176705890599
271.71839153955875,324.9176705890599
268.1832207573778,324.9176705890599
264.6461850120905,324.9176705890599
257.2843036954365,324.9176705890599
252.86206442212384,324.9176705890599
236.9043743799604,311.2138207705605
226.2220836821064,300.3437265869399
183.74993460519048,223.97726399868566
106.10808115156874,128.51172219944752
72.19428410605778,103.24204525498814
69.7159721737816,101.82679086201381
62.148539225260485,108.97108556006577
54.540470668247785,51.08094372171345
54.036149524507145,51.18561645073878
53.88955010308158,50.69139207595109
53.97627088758684,51.192753079677836
53.98352486746651,51.192753079677836
54.041689918154766,51.201843607766406
54.02314927842889,51.20027256388243
53.86902339874746,50.672985233497805
53.749399336557616,50.65343551091766
53.628854902963816,50.6304919474236
53.500620524088575,51.114423358057735
53.41591607956667,51.19736569157277
53.3185323079427,50.73209081508515
53.2384357755146,51.08158039565344
53.212622990683975,51.0795487052924
53.100137861948106,51.059644931762314
53.05651710146953,51.694999234436374
53.04831852988587,51.69255253268251
52.97855195545017,51.62798307369621
52.94943915473095,51.6242392109622
52.94492206876238,51.62361545103488
52.87953331356952,51.00696136031581
52.87755935911142,51.00696136031581
52.86590939476382,51.00505187834537
52.81217665899366,50.99558676126806
52.82019357832652,50.99560452299308
52.822664048936666,50.870604272110434
52.77749924432667,50.87197786960167
52.80122302827381,50.8725603255899
52.776796855623815,50.87152688761382
52.75050571986603,50.82425575573747
52.77376326303636,50.87095350953167
52.73582821800603,50.855053143873576
52.72909497457842,50.85280956771683
52.75646996876557,50.82617843094135
52.73150489443827,50.85377345492645
52.743893577939055,50.82663686083664
52.761156596834766,50.82721013499124
52.72527422223779,50.853841271766726
52.7192494225881,50.853841271766726
52.76768396771144,50.82721013499124
52.70851982964413,50.85108530845568
52.71940685453874,50.853841271766726
52.74365743001302,50.82663686083664
52.71000332302524,50.85170778934574
52.69066341339603,50.84375765570781
52.66212584480414,50.84026810419422
52.58867172967827,50.82594460027089
52.58700658404635,51.11834027044472
52.56033397856207,51.113268405039555
52.51063997783365,51.1043153855232
52.52634078737287,51.10738150330423
52.5087447393508,51.10322072268791
52.48199341789128,51.097775040542956
52.51564752487905,51.104827265889135
52.49842689150858,51.10073007514429
52.4905431838262,51.10012574210372
52.54008580767921,51.10916554309175
52.49921405126175,51.100772476436205
52.52513582744302,51.10685084763658
52.54341004386778,51.109746853461616
52.532444302997945,51.10824531197986
52.56795731801842,51.116316833493926
52.58979191855778,51.11921838985802
52.5759802924262,51.117212231976694
52.59102715386287,51.12127310288977
52.635762048146034,51.12957342727733
52.57532634432349,51.1171763224022
52.6294829353454,51.128608285064544
52.627630082387775,51.12764447015457
52.6345691983662,51.12936844345628
52.67578609406,51.1352524009926
52.68121144128222,51.1363588647566
52.68948872884112,51.1363588647566
52.69745720757381,52.91829690727495
52.66349429175969,53.51197823684386
52.661986578078576,53.51197823684386
52.64707292829238,53.509337652347085
52.61055477081777,53.49943061582889
52.6106032114181,53.49943061582889
52.64909532335064,53.5073358383659
52.61200798882381,53.499519448586746
52.607248699854296,53.49943061582889
52.58728511749746,53.49439055742587
52.49217805408303,53.47617602908487
52.48522682795444,53.47404927970911
52.50060066344253,53.64588539783866
52.462605067661904,53.64070563478061
52.273735167488255,53.392684148121326
52.20341152615016,53.37605875914232
52.05704825265064,52.784468158775844
52.02565874372207,52.777114901149915
51.918829055059526,52.1907639372651
51.81994967990445,52.171700707367854
51.76380096919953,51.58995517054428
51.43788050091461,51.4610620012457
51.30735730368001,51.0065705358294
51.25891064840652,50.793120344263386
51.19974651033921,50.43013863685347
51.13828144376238,50.41062395506773
51.12431238568016,50.269009084260624
51.05961996411524,50.256279333165885
51.030670650421584,50.24191147319556
50.96855163574222,50.222406028009765
50.86648729112414,50.19333466938489
50.78780159117682,50.17234592128588
50.6652650379,49.694370483554124
48.26740991501588,49.16048966671958
48.6261398073227,49.0300489099604
48.970431373232856,49.12300447551299
48.94216022794207,49.10519777906317
48.87999277266239,49.097039994932175
48.84054395887588,49.0832791588072
48.75836750817683,49.07138957833153
48.75567905486572,49.07138957833153
48.71336619059239,49.041501735409874
48.64214337061318,49.03524394906733
48.65221296037953,49.03705040820612
48.62472291976683,49.02874857551987
48.587320721338735,49.021042110547015
48.60214960007445,49.02685830324118
48.56357271709143,49.01503975759908
48.5518743121435,49.23021128198631
48.56527419317334,49.01503975759908
48.5058284941173,49.222171217549096
48.45415145631826,49.215219128235
48.44756958976618,49.21394503819114
48.3740761166527,49.188163230677624
48.33182985820461,49.177441942144554
48.357724386548256,49.18622875921501
48.2936102246481,49.168026755786094
48.29278976198222,49.168026755786094
48.283489166744125,49.16357446327113
48.24511210123699,49.153945460494754
48.24711027599524,49.15539835029491
48.23049817766461,49.152524365630335
48.19071330721413,49.14480880259995
48.17932068355493,49.143750785388896
48.16019270155159,49.12205281112725
48.09374733576698,49.098579424546486
48.09787689693397,49.098579424546486
48.06577288915239,49.09073583712586
48.03189171685111,49.03973124584767
48.033853561159205,49.04765396464915
47.99164968823636,49.008169631312086
47.95023903014175,48.98912879663337
47.93181343684128,48.985870750864464
47.87719363258,48.96694708082561
47.84525008428668,48.96112556685383
47.848765055338575,48.96331118814287
47.80091179741746,48.95702281350352
47.788765316917775,48.95267798425149
47.7877571469262,48.72132601370855
47.70555042085191,48.72038745159002
47.6950267004589,48.71656378175736
47.685032799130326,48.716414242995036
47.59355575319318,48.69280730561773
47.548823886447465,48.670971834850306
47.47473701598159,48.65944206203643
47.35863397991841,48.65255992451349
47.3456307063027,48.65255992451349
47.2779107472254,48.63691686352675
47.18586149669826,48.62785285966717
47.17345464797254,48.618769571412145
47.11046673002699,48.607917060895645
47.03813280378064,48.59953133060478
47.02879587809239,48.59953133060478
46.91718268016032,48.59953133060478
46.80209689670144,48.59953133060478
46.753438313802064,48.59900084588344
46.6159063672262,48.56218030533406
46.56385391477557,48.56218030533406
46.47917671809128,48.53665604725866
46.3546207972935,49.96494325867521
46.19796086871429,65.35934309061899
46.14580850752572,65.3575337373297
45.96829187302366,66.05349830194028
45.87019057500937,66.28560301157174
45.621905251154764,66.2844696492374
45.4230293395027,66.23407639742824
45.20500122554715,63.89324637253303
44.987908620683015,63.52869598499813
44.58696577284064,63.124487498202434
44.133595057896194,63.49193643306905
42.28276146782762,61.34811601646225
39.62354508657302,55.3966777725672
38.15490480453255,47.30256970798475
37.16128213065016,45.137546281247126
34.1950855557881,43.79645239565798
30.08700779506143,38.325119135279195
29.688689822242385,38.13667773249925
29.61032504127143,38.04257564848431
29.70958588615301,38.13667773249925
29.68544430202905,38.13667773249925
29.22959706139937,35.88928927917515
28.825717502170164,35.057512944024324
28.025920807369207,31.763747711235506
27.945345924014127,31.733259870207295
